1320,Anime Every Day,,/images/Aus22/pin_anime_every_day.png,1320.png
1319,Deadly,,/images/Aus22/pin_deadly.png,1319.png
1318,Spare Hearts,,/images/Aus22/pin_spare_hearts.png,1318.png
1317,Party Popper Balloons,,/images/Aus22/pin_party_popper_balloons.png,1317.png
1316,Promenade Quest,,/images/Aus22/pin_promenade_quest.png,1316.png
1315,GameMelbourne AR,,/images/Aus22/pin_gamemelbourne_ar.png,1315.png
1314,Laughing Skull,,/images/Aus22/pin_laughing_skull.png,1314.png
1313,Aus Flight Crew,PAX Aus 2022,/images/Aus22/pin_aus_flight_crew.png,1313.png
1312,Aus Detector,PAX Aus 2022,/images/Aus22/pin_aus_detector.png,1312.png
1311,MCEC20-22,PAX Aus 2022,/images/Aus22/pin_mcec20-22.png,1311.png
1310,Aus 2022 Logo,PAX Aus 2022,/images/Aus22/pin_aus_2022_logo.png,1310.png
1309,Aus 2022 LE,PAX 2022 Show LEs,/images/Aus22/pin_aus_2022_le.png,1309.png
1308,Skeletal Giant,,/images/West22/pin_skeletal_giant.png,1308.png
1307,Writer's Block,,/images/West22/pin_writers_block.png,1307.png
1306,Among Us VR,,/images/West22/pin_among_us_vr.png,1306.png
1305,Demeo Assassin,,/images/West22/pin_demeo_assassin.png,1305.png
1304,Play Lab Pikachu,,/images/West22/pin_play_lab_pikachu.png,1304.png
1303,Gaming Akiko,,/images/West22/pin_gaming_akiko.png,1303.png
1302,Junktopia Frog,,/images/West22/pin_junktopia_frog.png,1302.png
1301,Escape Academy,,/images/West22/pin_escape_academy.png,1301.png
1300,Gaymer X Narwhal,,/images/West22/pin_gaymer_x_narwhal.png,1300.png
1299,Cookie Doe,,/images/West22/pin_cookie_doe.png,1299.png
1298,CSA Otter,,/images/West22/pin_csa_otter.png,1298.png
1297,Pot Friend,,/images/West22/pin_pot_friend.png,1297.png
1296,Superfuse Sword,,/images/West22/pin_superfuse_sword.png,1296.png
1295,Cassette Beasts Pombomb,,/images/West22/pin_cassette_beasts_pombomb.png,1295.png
1294,Blue Baby Dragon,,/images/West22/pin_baby_blue_dragon.png,1294.png
1293,Mythical Beasts Baby Pegasus,,/images/West22/pin_mythical_beasts_baby_pegasus.png,1293.png
1292,Unpacking Piggy,,/images/West22/pin_unpacking_piggy.png,1292.png
1291,Unpacking Moving Box,,/images/West22/pin_unpacking_moving_box.png,1291.png
1290,Tunic,,/images/West22/pin_tunic.png,1290.png
1289,Teenage Exocolonist,,/images/West22/pin_teenage_exocolonist.png,1289.png
1288,The Queen,,/images/West22/pin_the_queen.png,1288.png
1287,Mushroom Boi!,,/images/West22/pin_mushroom_boi.png,1287.png
1286,Godless,,/images/West22/pin_godless.png,1286.png
1285,NecroDancer: Skeletones,,/images/West22/pin_necrodancer_skeletones.png,1285.png
1284,Outerspace Ship,Child's Play Outerspace,/images/West22/pin_outerspace_ship.png,1284.png
1283,Outerspace Constellation,Child's Play Outerspace,/images/West22/pin_outerspace_constellation.png,1283.png
1282,Outerspace Alien,Child's Play Outerspace,/images/West22/pin_outerspace_alien.png,1282.png
1281,West Flight Crew,PAX West 2022,/images/West22/pin_west_flight_crew.png,1281.png
1280,West Detector,PAX West 2022,/images/West22/pin_west_detector.png,1280.png
1279,WSCC20-22,PAX West 2022,/images/West22/pin_wscc20-22.png,1279.png
1278,West 2022 Logo,PAX West 2022,/images/West22/pin_west_2022_logo.png,1278.png
1277,West 2022 LE,PAX 2022 Show LEs,/images/West22/pin_west_2022_le.png,1277.png
1276,Pinterstellar Chicken,,/images/Aus22/pin_pinterstellar_chicken.png,1276.png
1275,Club PA 2022,,/images/Other22/pin_club_pa_2022.png,1275.png
1274,Streets of Rage: Chicken,,/images/East22/pin_streets_of_rage_chicken.png,1274.png
1273,Scathe the Pinforcer,,/images/East22/pin_scathe_the_pinforcer.png,1273.png
1272,WoH Kirie,,/images/East22/pin_woh_kirie.png,1272.png
1271,TPM Flower,,/images/East22/pin_tpm_flower.png,1271.png
1270,CSA Ophelia,,/images/East22/pin_csa_ophelia.png,1270.png
1269,Welcome Home Chip,,/images/East22/pin_welcome_home_chip.png,1269.png
1268,Lift Off Robot,,/images/East22/pin_lift_off_robot.png,1268.png
1267,Moonglow Bay,,/images/East22/pin_moonglow_bay.png,1267.png
1266,SMBF Meat Boy,Super Meat Boy Forever Saw,/images/East22/pin_smbf_meat_boy.png,1266.png
1265,SMBF Bandage Girl,Super Meat Boy Forever Saw,/images/East22/pin_smbf_bandage_girl.png,1265.png
1264,SMBF Dr. Fetus,Super Meat Boy Forever Saw,/images/East22/pin_smbf_dr_fetus.png,1264.png
1263,SMBF Nugget,Super Meat Boy Forever Saw,/images/East22/pin_smbf_nugget.png,1263.png
1262,East Flight Crew,PAX East 2022,/images/East22/pin_east_flight_crew.png,1262.png
1261,East Detector,PAX East 2022,/images/East22/pin_east_detector.png,1261.png
1260,BCEC20-22,PAX East 2022,/images/East22/pin_bcec20-22.png,1260.png
1259,East 2022 Logo,PAX East 2022,/images/East22/pin_east_2022_logo.png,1259.png
1258,East 2022 LE,PAX 2022 Show LEs,/images/East22/pin_east_2022_le.png,1258.png
1257,Teen Tycho,Boss Series 9,/images/PAX22/pin_teen_tycho.png,1257.png
1256,Teen Gabe,Boss Series 9,/images/PAX22/pin_teen_gabe.png,1256.png
1255,PAX Space Science,PAX Trade Set 2022,/images/PAX22/pin_pax_space_science.png,1255.png
1254,PAX Space Medical,PAX Trade Set 2022,/images/PAX22/pin_pax_space_medical.png,1254.png
1253,PAX Space Navigation,PAX Trade Set 2022,/images/PAX22/pin_pax_space_navigation.png,1253.png
1252,PAX Space Engineering,PAX Trade Set 2022,/images/PAX22/pin_pax_space_engineering.png,1252.png
1251,PAX Space Security,PAX Trade Set 2022,/images/PAX22/pin_pax_space_security.png,1251.png
1250,PAX Space Command,PAX Trade Set 2022,/images/PAX22/pin_pax_space_command.png,1250.png
1249,PAX Space Captain,PAX Trade Set 2022,/images/PAX22/pin_pax_space_captain.png,1249.png
1248,PAX Space Program,,/images/PAX22/pin_pax_space_program.png,1248.png
1247,Merch X,,/images/PAX22/pin_merch_x.png,1247.png
1246,New Year 2022,,/images/Other22/pin_new_year_2022.png,1246.png
1245,Zonda Parallax,,/images/Unplugged21/pin_zonda_parallax.png,1245.png
1244,Dice Joey,,/images/Unplugged21/pin_dice_joey.png,1244.png
1243,The Fireman,,/images/Unplugged21/pin_the_fireman.png,1243.png
1242,Hot Chocolate Chip,,/images/Unplugged21/pin_hot_chocolate_chip.png,1242.png
1241,Milo,,/images/Unplugged21/pin_milo.png,1241.png
1240,Neeble-Woobler,,/images/Unplugged21/pin_neeble_woobler.png,1240.png
1239,d20 Merit Badge,Camp PAX Unplugged 2021,/images/Unplugged21/pin_d20_merit_badge.png,1239.png
1238,d6 Merit Badge,Camp PAX Unplugged 2021,/images/Unplugged21/pin_d6_merit_badge.png,1238.png
1237,CCG Merit Badge,Camp PAX Unplugged 2021,/images/Unplugged21/pin_ccg_merit_badge.png,1237.png
1236,Unplugged 2021 Logo,Camp PAX Unplugged 2021,/images/Unplugged21/pin_unplugged_2021_logo.png,1236.png
1235,Unplugged 2021 LE,PAX 2021 Show LEs,/images/Unplugged21/pin_unplugged_2021_le.png,1235.png
1234,Desert Bus 2021,,/images/Other21/pin_desert_bus_2021.png,1234.png
1233,C-Team,,/images/Other21/pin_c_team.png,1233.png
1232,Siete,Cyberpunk Red,/images/Other21/pin_siete.png,1232.png
1231,Chibi GRAF3,Cyberpunk Red,/images/Other21/pin_chibi_graf3.png,1231.png
1230,Danger Gal,Cyberpunk Red,/images/Other21/pin_danger_gal.png,1230.png
1229,Cyberpunk 2020 Cover,Cyberpunk Red,/images/Other21/pin_cyberpunk_2020_cover.png,1229.png
1228,Board Games,PAX Everywhere 2021,/images/Other21/pin_board_games.png,1228.png
1227,Video Games,PAX Everywhere 2021,/images/Other21/pin_video_games.png,1227.png
1226,TTRPG Games,PAX Everywhere 2021,/images/Other21/pin_ttrpg_games.png,1226.png
1225,Everywhere 2021 Logo,PAX Everywhere 2021,/images/Other21/pin_everywhere_2021_logo.png,1225.png
1224,Drop Bread,,/images/Aus21/pin_drop_bread.png,1224.png
1223,CamPin Chicken,,/images/Aus21/pin_campin_chicken.png,1223.png
1222,Melbourne International Games Week,,/images/Aus21/pin_games_week_2021.png,1222.png
1221,Potent Potable,,/images/Aus21/pin_potent_potable.png,1221.png
1220,Dusty McClean,,/images/Aus21/pin_dusty_mcclean.png,1220.png
1219,Pinball Badge,Camp PAX Aus 2021,/images/Aus21/pin_pinball_badge.png,1219.png
1218,Joust Badge,Camp PAX Aus 2021,/images/Aus21/pin_joust_badge.png,1218.png
1217,Handheld Badge,Camp PAX Aus 2021,/images/Aus21/pin_handheld_badge.png,1217.png
1216,Aus 2021 Logo,Camp PAX Aus 2021,/images/Aus21/pin_aus_2021_logo.png,1216.png
1215,Aus 2021 LE,PAX 2021 Show LEs,/images/Aus21/pin_aus_2021_le.png,1215.png
1214,The Great Indoors,,/images/PAX21/pin_the_great_indoors.png,1214.png
1213,Headset Badge,Camp PAX West 21,/images/West21/pin_headset_badge.png,1213.png
1212,Mouse Badge,Camp PAX West 21,/images/West21/pin_mouse_badge.png,1212.png
1211,Controller Badge,Camp PAX West 21,/images/West21/pin_controller_badge.png,1211.png
1210,West 2021 Logo,Camp PAX West 21,/images/West21/pin_west_2021_logo.png,1210.png
1209,West 2021 LE,PAX 2021 Show LEs,/images/West21/pin_west_2021_le.png,1209.png
1208,VR Badge,Camp PAX Online East 21,/images/East21/pin_vr_badge.png,1208.png
1207,WASD Badge,Camp PAX Online East 21,/images/East21/pin_wasd_badge.png,1207.png
1206,Chess Badge,Camp PAX Online East 21,/images/East21/pin_chess_badge.png,1206.png
1205,Online 2021 Logo,Camp PAX Online East 21,/images/East21/pin_online_2021_logo.png,1205.png
1204,Online 2021 LE,PAX 2021 Show LEs,/images/East21/pin_online_east_2021_le.png,1204.png
1203,Orville,Dodo Airlines,/images/Other21/pin_orville.png,1203.png
1202,Wilbur,Dodo Airlines,/images/Other21/pin_wilbur.png,1202.png
1201,DAL Logo,Dodo Airlines,/images/Other21/pin_dal_logo.png,1201.png
1200,Airlines Logo,Dodo Airlines,/images/Other21/pin_airlines_logo.png,1200.png
1199,"Ready, Set, Shovel!",,/images/Other21/pin_ready_set_shovel.png,1199.png
1198,Blue Pikmin,Pikmin 3 Deluxe,/images/Other21/pin_blue_pikmin.png,1198.png
1197,Red Pikmin,Pikmin 3 Deluxe,/images/Other21/pin_red_pikmin.png,1197.png
1196,Winged Pikmin,Pikmin 3 Deluxe,/images/Other21/pin_winged_pikmin.png,1196.png
1195,Rock Pikmin,Pikmin 3 Deluxe,/images/Other21/pin_rock_pikmin.png,1195.png
1194,Yellow Pikmin,Pikmin 3 Deluxe,/images/Other21/pin_yellow_pikmin.png,1194.png
1193,Club PA 2021,,/images/Other21/pin_club_pa_2021.png,1193.png
1192,SMO Power Moon,Super Mario Odyssey,/images/Other21/pin_smo_power_moon.png,1192.png
1191,SMO Capture Mario,Super Mario Odyssey,/images/Other21/pin_smo_capture_mario.png,1191.png
1190,SMO Logo,Super Mario Odyssey,/images/Other21/pin_smo_logo.png,1190.png
1189,SM3DW Super Bell,Super Mario 3D World,/images/Other21/pin_sm3dw_super_bell.png,1189.png
1188,SM3DW Cat Mario,Super Mario 3D World,/images/Other21/pin_sm3dw_cat_mario.png,1188.png
1187,SM3DW Logo,Super Mario 3D World,/images/Other21/pin_sm3dw_logo.png,1187.png
1186,NSMBU Super Acorn,New Super Mario Bros. U,/images/Other21/pin_nsmbu_super_acorn.png,1186.png
1185,NSMBU Mario w/Yoshi,New Super Mario Bros. U,/images/Other21/pin_nsmbu_mario_yoshi.png,1185.png
1184,NSMBU Logo,New Super Mario Bros. U,/images/Other21/pin_nsmbu_logo.png,1184.png
1183,SMG Grand Star,Super Mario Galaxy,/images/Other21/pin_smg_grand_star.png,1183.png
1182,SMG Mario w/Lumas,Super Mario Galaxy,/images/Other21/pin_smg_mario_lumas.png,1182.png
1181,SMG Logo,Super Mario Galaxy,/images/Other21/pin_smg_logo.png,1181.png
1180,SMS Shine Sprite,Super Mario Sunshine,/images/Other21/pin_sms_shine_sprite.png,1180.png
1179,SMS Mario w/FLUDD,Super Mario Sunshine,/images/Other21/pin_sms_mario_fludd.png,1179.png
1178,SMS Logo,Super Mario Sunshine,/images/Other21/pin_sms_logo.png,1178.png
1177,SM64 Power Star,Super Mario 64,/images/Other21/pin_sm64_power_star.png,1177.png
1176,SM64 Wing Cap Mario,Super Mario 64,/images/Other21/pin_sm64_wing_cap_mario.png,1176.png
1175,SM64 Logo,Super Mario 64,/images/Other21/pin_sm64_logo.png,1175.png
1174,SMW Yoshi Egg,Super Mario World,/images/Other21/pin_smw_yoshi_egg.png,1174.png
1173,SMW Mario w/Yoshi,Super Mario World,/images/Other21/pin_smw_mario_yoshi.png,1173.png
1172,SMW Logo,Super Mario World,/images/Other21/pin_smw_logo.png,1172.png
1171,SMB3 Super Leaf,Super Mario Bros. 3,/images/Other21/pin_smb3_super_leaf.png,1171.png
1170,SMB3 Raccoon Mario,Super Mario Bros. 3,/images/Other21/pin_smb3_raccoon_mario.png,1170.png
1169,SMB3 Logo,Super Mario Bros. 3,/images/Other21/pin_smb3_logo.png,1169.png
1168,SMB2 Turnip,Super Mario Bros. 2,/images/Other21/pin_smb2_turnip.png,1168.png
1167,SMB2 Mario w/Turnip,Super Mario Bros. 2,/images/Other21/pin_smb2_mario_turnip.png,1167.png
1166,SMB2 Logo,Super Mario Bros. 2,/images/Other21/pin_smb2_logo.png,1166.png
1165,SMB Mushroom,Super Mario Bros.,/images/Other21/pin_smb_mushroom.png,1165.png
1164,SMB Mario w/Mushroom,Super Mario Bros.,/images/Other21/pin_smb_mario_mushroom.png,1164.png
1163,SMB Logo,Super Mario Bros.,/images/Other21/pin_smb_logo.png,1163.png
1162,New Year 2021,,/images/Other21/pin_new_year_2021.png,1162.png
1161,Unplugged 2020 LE,PAX 2020 Show LEs,/images/Unplugged20/pin_unplugged_2020_le.png,1161.png
1160,Varsity d20,PAX Unplugged 2020,/images/Unplugged20/pin_varsity_d20.png,1160.png
1159,Varsity Meeple,PAX Unplugged 2020,/images/Unplugged20/pin_varsity_meeple.png,1159.png
1158,Unplugged Class of 2020,PAX Unplugged 2020,/images/Unplugged20/pin_unplugged_class_of_2020.png,1158.png
1157,Unplugged 2020 Logo,PAX Unplugged 2020,/images/Unplugged20/pin_unplugged_2020_logo.png,1157.png
1156,DSB Mascot Kemper,,/images/Other20/pin_dsb_mascot_kemper.png,1156.png
1155,Calico,Enfu Kitties Series 2,/images/Other20/pin_calico.png,1155.png
1154,Sphinx,Enfu Kitties Series 2,/images/Other20/pin_sphinx.png,1154.png
1153,Siamese,Enfu Kitties Series 2,/images/Other20/pin_siamese.png,1153.png
1152,Pug,Enfu Puppies Series 2,/images/Other20/pin_pug.png,1152.png
1151,Pomeranian,Enfu Puppies Series 2,/images/Other20/pin_pomeranian.png,1151.png
1150,Beagle,Enfu Puppies Series 2,/images/Other20/pin_beagle.png,1150.png
1149,Alpha Flight Banner,Desert Bus Shift Banners,/images/Other20/pin_alpha_flight_banner.png,1149.png
1148,Dawn Guard Banner,Desert Bus Shift Banners,/images/Other20/pin_dawn_guard_banner.png,1148.png
1147,Night Watch Banner,Desert Bus Shift Banners,/images/Other20/pin_night_watch_banner.png,1147.png
1146,Zeta Shift Banner,Desert Bus Shift Banners,/images/Other20/pin_zeta_shift_banner.png,1146.png
1145,Aquatic,Child's Play Handheld,/images/Other20/pin_aquatic.png,1145.png
1144,Space,Child's Play Handheld,/images/Other20/pin_space.png,1144.png
1143,Desert,Child's Play Handheld,/images/Other20/pin_desert.png,1143.png
1142,Merch 9.0,,/images/Other20/pin_merch_9.png,1142.png
1141,The Last Roadtrip,,/images/Other20/pin_the_last_roadtrip.png,1141.png
1140,Online 2020 LE,PAX 2020 Show LEs,/images/Other20/pin_online_2020_le.png,1140.png
1139,Varsity Go Live,PAX Online 2020,/images/Other20/pin_varsity_go_live.png,1139.png
1138,Varsity Mouse,PAX Online 2020,/images/Other20/pin_varsity_mouse.png,1138.png
1137,Online Class of 2020,PAX Online 2020,/images/Other20/pin_online_class_of_2020.png,1137.png
1136,Online 2020 Logo,PAX Online 2020,/images/Other20/pin_online_2020_logo.png,1136.png
1135,West 2020 LE,PAX 2020 Show LEs,/images/West20/pin_west_2020_le.png,1135.png
1134,Aus 2020 LE,PAX 2020 Show LEs,/images/Aus20/pin_aus_2020_le.png,1134.png
1133,Kamper,Kemper Summer 2020,/images/Other20/pin_kamper.png,1133.png
1132,Tubular Kemper,Kemper Summer 2020,/images/Other20/pin_tubular_kemper.png,1132.png
1131,Beach Fun Kemper,Kemper Summer 2020,/images/Other20/pin_beach_fun_kemper.png,1131.png
1130,Radical Kemper,Kemper Summer 2020,/images/Other20/pin_radical_kemper.png,1130.png
1129,Radical Rabbit Stew,,/images/Other20/pin_radical_rabbit_stew.png,1129.png
1128,Aloha Shirt Nooklings,Animal Crossing: New Horizons,/images/Other20/pin_aloha_shirt_nooklings.png,1128.png
1127,KK Slider,Animal Crossing: New Horizons,/images/Other20/pin_kk_slider.png,1127.png
1126,Isabelle,Animal Crossing: New Horizons,/images/Other20/pin_isabelle.png,1126.png
1125,Tom Nook,Animal Crossing: New Horizons,/images/Other20/pin_tom_nook.png,1125.png
1124,Varsity Handheld Gaming,PAX Aus 2020,/images/Aus20/pin_varsity_handheld_gaming.png,1124.png
1123,Varsity Pinball,PAX Aus 2020,/images/Aus20/pin_varsity_pinball.png,1123.png
1122,Aus Class of 2020,PAX Aus 2020,/images/Aus20/pin_aus_class_of_2020.png,1122.png
1121,Aus 2020 Logo,PAX Aus 2020,/images/Aus20/pin_aus_2020_logo.png,1121.png
1120,Varsity Headset,PAX West 2020,/images/West20/pin_varsity_headset.png,1120.png
1119,Varsity Gamepad,PAX West 2020,/images/West20/pin_varsity_gamepad.png,1119.png
1118,West Class of 2020,PAX West 2020,/images/West20/pin_west_class_of_2020.png,1118.png
1117,West 2020 Logo,PAX West 2020,/images/West20/pin_west_2020_logo.png,1117.png
1116,Pride Love,,/images/Other20/pin_pride_love.png,1116.png
1115,B Button,,/images/East20/pin_b_button.png,1115.png
1114,Retina Tycho,Boss Series 8,/images/PAX20/pin_retina_tycho.png,1114.png
1113,Retina Gabe,Boss Series 8,/images/PAX20/pin_retina_gabe.png,1113.png
1112,Dice Crocodile,,/images/East20/pin_dice_crocodile.png,1112.png
1111,Game of Phones,,/images/East20/pin_game_of_phones.png,1111.png
1110,VA-11 Hall-A: Dana,,/images/East20/pin_va_11_hall_a_dana.png,1110.png
1109,Worms,,/images/East20/pin_worms.png,1109.png
1108,Mercy the Bat,,/images/East20/pin_mercy_the_bat.png,1108.png
1107,QWRP,,/images/East20/pin_qwrp.png,1107.png
1106,KSP,,/images/East20/pin_ksp.png,1106.png
1105,Disintegration,,/images/East20/pin_disintegration.png,1105.png
1104,Session,,/images/East20/pin_session.png,1104.png
1103,MTG Jace,,/images/East20/pin_mtg_jace.png,1103.png
1102,Black Dragon,,/images/East20/pin_black_dragon.png,1102.png
1101,Prinny,,/images/East20/pin_prinny.png,1101.png
1100,Joke Boat,,/images/East20/pin_joke_boat.png,1100.png
1099,Sploosh,,/images/East20/pin_sploosh.png,1099.png
1098,The Pathless - Hunter,,/images/East20/pin_the_pathless_hunter.png,1098.png
1097,Maquette,,/images/East20/pin_maquette.png,1097.png
1096,198X,,/images/East20/pin_198X.png,1096.png
1095,Dino Adventure,,/images/East20/pin_dino_adventure.png,1095.png
1094,East 2020 LE,PAX 2020 Show LEs,/images/East20/pin_east_2020_le.png,1094.png
1093,Varsity WASD,PAX East 2020,/images/East20/pin_varsity_wasd.png,1093.png
1092,Varsity Trophy,PAX East 2020,/images/East20/pin_varsity_trophy.png,1092.png
1091,East Class of 2020,PAX East 2020,/images/East20/pin_east_class_of_2020.png,1091.png
1090,East 2020 Logo,PAX East 2020,/images/East20/pin_east_2020_logo.png,1090.png
1089,Gold Kemper Meeple,PA Staff Series 8,/images/PAX20/pin_gold_kemper_meeple.png,1089.png
1088,Gold Merch Meeple,PA Staff Series 8,/images/PAX20/pin_gold_merch_meeple.png,1088.png
1087,Kemper Meeple,PA Staff Series 8,/images/PAX20/pin_kemper_meeple.png,1087.png
1086,FF Meeple,PA Staff Series 8,/images/PAX20/pin_ff_meeple.png,1086.png
1085,Deep Crow Meeple,PA Staff Series 8,/images/PAX20/pin_deep_crow_meeple.png,1085.png
1084,Broodax Meeple,PA Staff Series 8,/images/PAX20/pin_broodax_meeple.png,1084.png
1083,Merch Meeple,PA Staff Series 8,/images/PAX20/pin_merch_meeple.png,1083.png
1082,Fleshreaper Meeple,PA Staff Series 8,/images/PAX20/pin_fleshreaper_meeple.png,1082.png
1081,Catsby Meeple,PA Staff Series 8,/images/PAX20/pin_catsby_meeple.png,1081.png
1080,Twisp Meeple,PA Staff Series 8,/images/PAX20/pin_twisp_meeple.png,1080.png
1079,Merch 8.0,,/images/PAX20/pin_merch_8.png,1079.png
1078,Club PA 2020,,/images/Other20/pin_club_pa_2020.png,1078.png
1077,Red Baby Dragon,,/images/South20/pin_red_baby_dragon.png,1077.png
1076,MGE Zombie Army 4,,/images/South20/pin_mge_zombie_army_4.png,1076.png
1075,Dice Emu,,/images/South20/pin_dice_emu.png,1075.png
1074,Windjammers 2 Hiromi Mita,,/images/South20/pin_windjammers_2_hiromi_mita.png,1074.png
1073,Sparkle Sharkle,,/images/South20/pin_sparkle_sharkle.png,1073.png
1072,VA-11 Hall-A: Stella,,/images/South20/pin_va_11_hall_a_stella.png,1072.png
1071,Sheriff Chip,,/images/South20/pin_sheriff_chip.png,1071.png
1070,A Button,,/images/South20/pin_a_button.png,1070.png
1069,Push The Button,,/images/South20/pin_push_the_button.png,1069.png
1068,Artful Escape - Francis,,/images/South20/pin_artful_escape_francis.png,1068.png
1067,Last Stop - Pigeon,,/images/South20/pin_last_stop_pigeon.png,1067.png
1066,South 2020 LE,PAX 2020 Show LEs,/images/South20/pin_south_2020_le.png,1066.png
1065,Varsity Cards,PAX South 2020,/images/South20/pin_varsity_cards.png,1065.png
1064,Varsity Arcade,PAX South 2020,/images/South20/pin_varsity_arcade.png,1064.png
1063,South Class of 2020,PAX South 2020,/images/South20/pin_south_class_of_2020.png,1063.png
1062,South 2020 Logo,PAX South 2020,/images/South20/pin_south_2020_logo.png,1062.png
1061,Mascot Kemper,,/images/PAX20/pin_mascot_kemper.png,1061.png
1060,New Year 2020,,/images/Other20/pin_new_year_2020.png,1060.png
1059,PEL Neptune,PAX Explorers League 2,/images/PAX19/pin_pel_neptune.png,1059.png
1058,PEL Day Star,PAX Explorers League 2,/images/PAX19/pin_pel_day_star.png,1058.png
1057,PEL Black Hole,PAX Explorers League 2,/images/PAX19/pin_pel_black_hole.png,1057.png
1056,PEL Saturn,PAX Explorers League 2,/images/PAX19/pin_pel_saturn.png,1056.png
1055,PEL Badge,,/images/PAX19/pin_pel_badge.png,1055.png
1054,Optimus Prime,,/images/Unplugged19/pin_optimus_prime.png,1054.png
1053,Liliana,,/images/Unplugged19/pin_lilana.png,1053.png
1052,Seventh Cross: Seijun,,/images/Unplugged19/pin_seventh_cross_seijun.png,1052.png
1051,Chaos Chip,,/images/Unplugged19/pin_chaos_chip.png,1051.png
1050,ROOT: Vagabond,ROOT Core,/images/Unplugged19/pin_root_vagabond.png,1050.png
1049,ROOT: Eyrie,ROOT Core,/images/Unplugged19/pin_root_eyrie.png,1049.png
1048,ROOT: Alliance,ROOT Core,/images/Unplugged19/pin_root_alliance.png,1048.png
1047,ROOT: Marquise,ROOT Core,/images/Unplugged19/pin_root_marquise.png,1047.png
1046,Dice Kookaburra,,/images/Unplugged19/pin_dice_kookaburra.png,1046.png
1045,Hermes the Cat,,/images/Unplugged19/pin_hermes_the_cat.png,1045.png
1044,Frozen Fist,,/images/Unplugged19/pin_frozen_fist.png,1044.png
1043,Noctiluca,,/images/Unplugged19/pin_noctiluca.png,1043.png
1042,Abstract,,/images/Unplugged19/pin_abstract.png,1042.png
1041,KeyForge Saurian,,/images/Unplugged19/pin_keyforge_saurian.png,1041.png
1040,Coping Companion,,/images/Unplugged19/pin_coping_companion.png,1040.png
1039,1001 Odysseys: Plumplim Mechanic,,/images/Unplugged19/pin_1001_odysseys_plumplim_mechanic.png,1039.png
1038,"Ishtar, The Mighty Goddess",,/images/Unplugged19/pin_ishtar_the_mighty_goddess.png,1038.png
1037,Trolley Tom,,/images/Unplugged19/pin_trolley_tom.png,1037.png
1036,Meepifer,,/images/Unplugged19/pin_meepifer.png,1036.png
1035,Wish You Ermine,,/images/Unplugged19/pin_wish_you_ermine.png,1035.png
1034,Mark of Nyarlathotep,,/images/Unplugged19/pin_mark_of_nyarlathotep.png,1034.png
1033,"Tiger LE ""P""",PAX Unplugged 2019 LE,/images/Unplugged19/pin_tiger_le_p.png,1033.png
1032,"Tiger LE ""A""",PAX Unplugged 2019 LE,/images/Unplugged19/pin_tiger_le_a.png,1032.png
1031,"Tiger LE ""X""",PAX Unplugged 2019 LE,/images/Unplugged19/pin_tiger_le_x.png,1031.png
1030,Devilish Kemper,PAX Unplugged 2019,/images/Unplugged19/pin_devilish_kemper.png,1030.png
1029,Rolling-Eyes Tycho,PAX Unplugged 2019,/images/Unplugged19/pin_rolling_eyes_tycho.png,1029.png
1028,Sick Gabe,PAX Unplugged 2019,/images/Unplugged19/pin_sick_gabe.png,1028.png
1027,Unplugged 2019 Logo,PAX Unplugged 2019,/images/Unplugged19/pin_unplugged_2019_logo.png,1027.png
1026,DSB Fleshreaper Kemper,,/images/Other19/pin_dsb_fleshreaper_kemper.png,1026.png
1025,Trover Saves the Universe,,/images/Other19/pin_trover_saves_the_universe.png,1025.png
1024,Timmy and Tommy,Animal Crossing Holiday Set,/images/Other19/pin_timmy_and_tommy.png,1024.png
1023,Snowman,Animal Crossing Holiday Set,/images/Other19/pin_snowman.png,1023.png
1022,Rosie,Animal Crossing Holiday Set,/images/Other19/pin_rosie.png,1022.png
1021,Jingle,Animal Crossing Holiday Set,/images/Other19/pin_jingle.png,1021.png
1020,Desert Bus 2019,,/images/Other19/pin_desert_bus_2019.png,1020.png
1019,Prescribed Respawn,,/images/Aus19/pin_prescribed_respawn.png,1019.png
1018,R6 Tachanka,,/images/Aus19/pin_r6_tachanka.png,1018.png
1017,Snow Mercy Snow Slinger,,/images/Aus19/pin_snow_mercy_snow_slinger.png,1017.png
1016,GameMelbourne,,/images/Aus19/pin_gamemelbourne.png,1016.png
1015,Dice Platypus,,/images/Aus19/pin_dice_platypus.png,1015.png
1014,Fall Guys,,/images/Aus19/pin_fall_guys.png,1014.png
1013,Necrobarista: Maddy Xiao,,/images/Aus19/pin_necrobarista_maddy_xiao.png,1013.png
1012,World of Warcraft 15th Anniversary,,/images/Aus19/pin_wow_15th_anniversary.png,1012.png
1011,Doom Slayer's Club,,/images/Aus19/pin_doom_slayers_club.png,1011.png
1010,Cloisonne of Cthulhu,,/images/Aus19/pin_cloisonne_of_cthulhu.png,1010.png
1009,The Pin Chicken,,/images/Aus19/pin_the_pin_chicken.png,1009.png
1008,BEESTINGER,,/images/Aus19/pin_beestinger.png,1008.png
1007,SALE,,/images/Aus19/pin_sale.png,1007.png
1006,I Heart Doom,,/images/Aus19/pin_i_heart_doom.png,1006.png
1005,Spikeyboi Popper,,/images/Aus19/pin_spikeyboi_popper.png,1005.png
1004,Ring of Pain: Hello Friend,,/images/Aus19/pin_ring_of_pain_hello_friend.png,1004.png
1003,I Support You,,/images/Aus19/pin_i_support_you.png,1003.png
1002,Spunky Bird,,/images/Aus19/pin_spunky_bird.png,1002.png
1001,Love Birbs,,/images/Aus19/pin_love_birbs.png,1001.png
1000,Projection: First Light,,/images/Aus19/pin_projection_first_light.png,1000.png
999,Best Friend,,/images/Aus19/pin_best_friend.png,999.png
998,"Ice Cream Sandwich LE ""P""",PAX Aus 2019 LE,/images/Aus19/pin_ice_cream_sandwich_le_p.png,998.png
997,"Ice Cream Sandwich LE ""A""",PAX Aus 2019 LE,/images/Aus19/pin_ice_cream_sandwich_le_a.png,997.png
996,"Ice Cream Sandwich LE ""X""",PAX Aus 2019 LE,/images/Aus19/pin_ice_cream_sandwich_le_x.png,996.png
995,Scaredy Kemper,PAX Aus 2019,/images/Aus19/pin_scaredy_kemper.png,995.png
994,In-a-Huff Tycho,PAX Aus 2019,/images/Aus19/pin_in_a_huff_tycho.png,994.png
993,Thinking Gabe,PAX Aus 2019,/images/Aus19/pin_thinking_gabe.png,993.png
992,Aus 2019 Logo,PAX Aus 2019,/images/Aus19/pin_aus_2019_logo.png,992.png
991,Link (Link's Awakening Set),Link's Awakening,/images/Other19/pin_link_links_awakening.png,991.png
990,Marin,Link's Awakening,/images/Other19/pin_marin.png,990.png
989,Link Strike,Link's Awakening,/images/Other19/pin_link_strike.png,989.png
988,Hylian Shield,Link's Awakening,/images/Other19/pin_hylian_shield.png,988.png
987,PEL Terra,PAX Explorers League I,/images/PAX19/pin_pel_terra.png,987.png
986,PEL Mars,PAX Explorers League I,/images/PAX19/pin_pel_mars.png,986.png
985,PEL Pluto,PAX Explorers League I,/images/PAX19/pin_pel_pluto.png,985.png
984,PEL Luna,PAX Explorers League I,/images/PAX19/pin_pel_luna.png,984.png
983,Population: One,,/images/Other19/pin_population_one.png,983.png
982,Lone Echo,,/images/West19/pin_lone_echo.png,982.png
981,Asgard's Wrath,,/images/West19/pin_asgards_wrath.png,981.png
980,Stormland,,/images/West19/pin_stormland.png,980.png
979,Borderland's 3,,/images/West19/pin_borderlands_3.png,979.png
978,Acq Inc Halfling,,/images/West19/pin_acq_inc_halfling.png,978.png
977,IndieMEGAcam,,/images/West19/pin_indiemegacam.png,977.png
976,Winter Ellie,,/images/West19/pin_winter_ellie.png,976.png
975,Iceborne,,/images/West19/pin_iceborne.png,975.png
974,Danielle the Smithy,,/images/West19/pin_danielle_the_smithy.png,974.png
973,Squidgie,,/images/West19/pin_squidgie.png,973.png
972,Eat Me Chip,,/images/West19/pin_eat_me_chip.png,972.png
971,lrrGoat,LRR Chat Emote,/images/West19/pin_lrrgoat.png,971.png
970,lrrSack,LRR Chat Emote,/images/West19/pin_lrrsack.png,970.png
969,lrrHorn,LRR Chat Emote,/images/West19/pin_lrrhorn.png,969.png
968,lrrHeart,LRR Chat Emote,/images/West19/pin_lrrheart.png,968.png
967,Merg,,/images/West19/pin_merg.png,967.png
966,Hipster Gibb,,/images/West19/pin_hipster_gibb.png,966.png
965,Slug-Man,,/images/West19/pin_slug_man.png,965.png
964,Glow Man,,/images/West19/pin_glow_man.png,964.png
963,20XX Nina,,/images/West19/pin_20xx_nina.png,963.png
962,Precursor James,,/images/West19/pin_precursor_james.png,962.png
961,If Found - Kaiso,,/images/West19/pin_if_found_kaiso.png,961.png
960,Sayonara Wild Hearts - Fool,,/images/West19/pin_sayonara_wild_hearts_fool.png,960.png
959,Nourishment,,/images/West19/pin_nourishment.png,959.png
958,Rowan Kenrith,,/images/West19/pin_rowan_kenrith.png,958.png
957,Moving Out,,/images/West19/pin_moving_out.png,957.png
956,We're Doomed,,/images/West19/pin_were_doomed.png,956.png
955,Dead Cells: The Giant,,/images/West19/pin_dead_cells_the_giant.png,955.png
954,Dead Cells: Falconner,,/images/West19/pin_dead_cells_the_falconner.png,954.png
953,World of Horror: Mimi,,/images/West19/pin_world_of_horror_mimi.png,953.png
952,Quiplash,,/images/West19/pin_quiplash.png,952.png
951,Dice Echidna,,/images/West19/pin_dice_echidna.png,951.png
950,Yooka-Laylee,,/images/West19/pin_yooka_laylee.png,950.png
949,RAD: Home Slice,,/images/West19/pin_rad_home_slice.png,949.png
948,Psychonauts 2: Lili,,/images/West19/pin_psychonauts_2_lili.png,948.png
947,Take This Heart,,/images/West19/pin_take_this_heart.png,947.png
946,Ensemble,,/images/West19/pin_ensemble.png,946.png
945,The Train Computer,,/images/West19/pin_the_train_computer.png,945.png
944,Tyrannex,,/images/West19/pin_tyrannex.png,944.png
943,EKO Tidal Blades,,/images/West19/pin_eko_tidal_blades.png,943.png
942,Secret Fox,,/images/West19/pin_secret_fox.png,942.png
941,AbleGamers Charity,,/images/West19/pin_ablegamers_charity.png,941.png
940,TTCO: Quinquennial,,/images/West19/pin_ttco_quinquennial.png,940.png
939,Just Sunshines & Beats,,/images/West19/pin_just_sunshines_and_beats.png,939.png
938,"Burger LE ""P""",PAX West 2019 LE,/images/West19/pin_burger_le_p.png,938.png
937,"Burger LE ""A""",PAX West 2019 LE,/images/West19/pin_burger_le_a.png,937.png
936,"Burger LE ""X""",PAX West 2019 LE,/images/West19/pin_burger_le_x.png,936.png
935,Kissing Kemper Emoji,PAX West 2019,/images/West19/pin_kissing_kemper_emoji.png,935.png
934,Halo Tycho Emoji,PAX West 2019,/images/West19/pin_halo_tycho_emoji.png,934.png
933,Embarrased Gabe Emoji,PAX West 2019,/images/West19/pin_embarrased_gabe_emoji.png,933.png
932,West 2019 Logo,PAX West 2019,/images/West19/pin_west_2019_logo.png,932.png
931,Ganondorf,Legend of Zelda Triforce Set,/images/Other19/pin_ganondorf.png,931.png
930,Zelda (Triforce Set),Legend of Zelda Triforce Set,/images/Other19/pin_zelda_triforce_set.png,930.png
929,Link (Triforce Set),Legend of Zelda Triforce Set,/images/Other19/pin_link_triforce_set.png,929.png
928,Hyrule Crest,Legend of Zelda Triforce Set,/images/Other19/pin_hyrule_crest.png,928.png
927,American Shorthair,Enfu Kitties Series 1,/images/Other19/pin_american_shorthair.png,927.png
926,Birman,Enfu Kitties Series 1,/images/Other19/pin_birman.png,926.png
925,Maine Coon,Enfu Kitties Series 1,/images/Other19/pin_maine_coon.png,925.png
924,Daschund,Enfu Puppies Series 1,/images/Other19/pin_daschund.png,924.png
923,Corgi,Enfu Puppies Series 1,/images/Other19/pin_corgi.png,923.png
922,German Shepherd,Enfu Puppies Series 1,/images/Other19/pin_german_shepherd.png,922.png
921,Emote Green Flame,,/images/Other19/pin_emote_green_flame.png,921.png
920,Planeswalker,,/images/East19/pin_planeswalker.png,920.png
919,Three 6ixty,,/images/East19/pin_three_6ixty.png,919.png
918,Boss Ace,,/images/East19/pin_boss_ace.png,918.png
917,Dr. Fetus and Nugget,,/images/East19/pin_dr_fetus_and_nugget.png,917.png
916,Onion King,,/images/East19/pin_onion_king.png,916.png
915,Skull & Laurel,,/images/East19/pin_skull_laurel.png,915.png
914,Reynardo,,/images/East19/pin_reynardo.png,914.png
913,The Messenger Ninja,,/images/East19/pin_the_messenger_ninja.png,913.png
912,Hamsterdam,,/images/East19/pin_hamsterdam.png,912.png
911,N1RV Ann-A: Sam,,/images/East19/pin_n1rv_ann_a_sam.png,911.png
910,World of Horror: Old God,,/images/East19/pin_world_of_horror_old_god.png,910.png
909,Dreams,,/images/East19/pin_dreams.png,909.png
908,Minute Gibb,,/images/East19/pin_minute_gibb.png,908.png
907,Life Siphon Eye,,/images/East19/pin_life_siphon_eye.png,907.png
906,Mad Verse City Mic Drop,,/images/East19/pin_mad_verse_city_mic_drop.png,906.png
905,Insert Disk 3,,/images/East19/pin_insert_disk_3.png,905.png
904,Hector,,/images/East19/pin_hector.png,904.png
903,Hatchet Hound,,/images/East19/pin_hatchet_hound.png,903.png
902,Finji Logo,,/images/East19/pin_finji_logo.png,902.png
901,Sad Reaction,,/images/East19/pin_sad_reaction.png,901.png
900,Haha Reaction,,/images/East19/pin_haha_reaction.png,900.png
899,Phantom Brigade,,/images/East19/pin_phantom_brigade.png,899.png
898,Industries of Titan,,/images/East19/pin_industries_of_titan.png,898.png
897,Just Shapes & Beats (East 19),,/images/East19/pin_just_shapes_beats_east19.png,897.png
896,"Leopard LE ""P""",PAX East 2019 LE,/images/East19/pin_pax_leopard_le_p.png,896.png
895,"Leopard LE ""A""",PAX East 2019 LE,/images/East19/pin_pax_leopard_le_a.png,895.png
894,"Leopard LE ""X""",PAX East 2019 LE,/images/East19/pin_pax_leopard_le_x.png,894.png
893,Laughing Kemper Emoji,PAX East 2019,/images/East19/pin_laughing_kemper_emoji.png,893.png
892,Cold Sweat Tycho Emoji,PAX East 2019,/images/East19/pin_cold_sweat_tycho_emoji.png,892.png
891,Crying Gabe Emoji,PAX East 2019,/images/East19/pin_crying_gabe_emoji.png,891.png
890,East 2019 Logo,PAX East 2019,/images/East19/pin_east_2019_logo.png,890.png
889,Air Crown,PA Staff Series 7,/images/PAX19/pin_air_crown.png,889.png
888,Water Crown,PA Staff Series 7,/images/PAX19/pin_water_crown.png,888.png
887,Earth Crown,PA Staff Series 7,/images/PAX19/pin_earth_crown.png,887.png
886,Fire Crown,PA Staff Series 7,/images/PAX19/pin_fire_crown.png,886.png
885,Taurus,PA Staff Series 7,/images/PAX19/pin_taurus.png,885.png
884,Gemini,PA Staff Series 7,/images/PAX19/pin_gemini.png,884.png
883,Cancer,PA Staff Series 7,/images/PAX19/pin_cancer.png,883.png
882,Leo,PA Staff Series 7,/images/PAX19/pin_leo.png,882.png
881,Virgo,PA Staff Series 7,/images/PAX19/pin_virgo.png,881.png
880,Libra,PA Staff Series 7,/images/PAX19/pin_libra.png,880.png
879,Scorpio,PA Staff Series 7,/images/PAX19/pin_scorpio.png,879.png
878,Sagittarius,PA Staff Series 7,/images/PAX19/pin_sagittarius.png,878.png
877,Capricorn,PA Staff Series 7,/images/PAX19/pin_capricorn.png,877.png
876,Aquarius,PA Staff Series 7,/images/PAX19/pin_aquarius.png,876.png
875,Pisces,PA Staff Series 7,/images/PAX19/pin_pisces.png,875.png
874,Aries,PA Staff Series 7,/images/PAX19/pin_aries.png,874.png
873,Tycho Flag,Boss Series 7,/images/PAX19/pin_tycho_flag.png,873.png
872,Gabe Flag,Boss Series 7,/images/PAX19/pin_gabe_flag.png,872.png
871,Merch 7.0,,/images/PAX19/pin_merch_7.png,871.png
870,Club PA 2019,,/images/Other19/pin_club_pa_2019.png,870.png
869,Shadow Council,,/images/Other19/pin_shadow_council.png,869.png
868,OOOoooooo Emote,PA Emote Set 2019,/images/Other19/pin_ooooooooo_emote.png,868.png
867,No Chicken Emote,PA Emote Set 2019,/images/Other19/pin_no_chicken_emote.png,867.png
866,Bwomp Emote,PA Emote Set 2019,/images/Other19/pin_bwoomp_emote.png,866.png
865,Fleshreaper Kemper,,/images/PAX19/pin_fleshreaper_kemper.png,865.png
864,Descenders Helmet,,/images/South19/pin_descenders_helmet.png,864.png
863,YIIK: Vella,,/images/South19/pin_yiik_vella.png,863.png
862,Headup 10 Year,,/images/South19/pin_headup_10_year.png,862.png
861,Sunder,,/images/South19/pin_sunder.png,861.png
860,Valeria,,/images/South19/pin_valeria.png,860.png
859,Bea,,/images/South19/pin_bea.png,859.png
858,Angus,,/images/South19/pin_angus.png,858.png
857,Satan,,/images/South19/pin_satan.png,857.png
856,Split the Room Cat,,/images/South19/pin_split_the_room_cat.png,856.png
855,Gibb,,/images/South19/pin_gibb.png,855.png
854,Local 58,,/images/South19/pin_local_58.png,854.png
853,Play Games Feel Better,,/images/South19/pin_play_games_feel_better.png,853.png
852,Shiva,,/images/South19/pin_shiva.png,852.png
851,Days Gone,,/images/South19/pin_days_gone.png,851.png
850,Gato Roboto,,/images/South19/pin_gato_roboto.png,850.png
849,Oculus PAX South 2019,,/images/South19/pin_oculus_pax_south_2019.png,849.png
848,Just Shapes & Beats (South 19),,/images/South19/pin_just_shapes_and_beats_south19.png,848.png
847,"Pizza LE ""P""",PAX South 2019 LE,/images/South19/pin_pizza_le_p.png,847.png
846,"Pizza LE ""A""",PAX South 2019 LE,/images/South19/pin_pizza_le_a.png,846.png
845,"Pizza LE ""X""",PAX South 2019 LE,/images/South19/pin_pizza_le_x.png,845.png
844,Heart Eyes Kemper Emoji,PAX South 2019,/images/South19/pin_heart_eyes_kemper_emoji.png,844.png
843,Grimacing Tycho Emoji,PAX South 2019,/images/South19/pin_grimacing_tycho_emoji.png,843.png
842,Sunglasses Gabe Emoji,PAX South 2019,/images/South19/pin_sunglasses_gabe_emoji.png,842.png
841,South 2019 Logo,PAX South 2019,/images/South19/pin_south_2019_logo.png,841.png
840,New Year 2019,,/images/Other19/pin_new_year_2019.png,840.png
839,Tuesday Knight,,/images/Unplugged18/pin_tuesday_knight.png,839.png
838,Spectrum Medallion,,/images/Unplugged18/pin_spectrum_medallion.png,838.png
837,Flumph,,/images/Unplugged18/pin_flumph.png,837.png
836,Castle,,/images/Unplugged18/pin_castle.png,836.png
835,Nut So Fast,,/images/Unplugged18/pin_nut_so_fast.png,835.png
834,"The Shared Dream ""Faces""",,/images/Unplugged18/pin_the_shared_dream_faces.png,834.png
833,Ullr the Berserker,,/images/Unplugged18/pin_ullr_the_berserkeer.png,833.png
832,Bubble Fish,,/images/Unplugged18/pin_bubble_fish.png,832.png
831,Kill Doctor Lucky,,/images/Unplugged18/pin_kill_doctor_lucky.png,831.png
830,Mixtape,,/images/Unplugged18/pin_mixtape.png,830.png
829,Bargain Quest Cat,,/images/Unplugged18/pin_bargain_quest_cat.png,829.png
828,Mesozooic,,/images/Unplugged18/pin_mesozooic.png,828.png
827,Bad Penny,,/images/Unplugged18/pin_bad_penny.png,827.png
826,Kobolds Ate My Baby 20th,,/images/Unplugged18/pin_kobolds_ate_my_baby_20th.png,826.png
825,Unplugged 2018 LE,PAX 2018 Show LEs,/images/Unplugged18/pin_unplugged_2018_le.png,825.png
824,8 Bit Thornwatch Woldsen,PAX Unplugged 2018,/images/Unplugged18/pin_8_bit_thornwatch_woldsen.png,824.png
823,8 Bit Thornwatch Warden,PAX Unplugged 2018,/images/Unplugged18/pin_8_bit_thornwatch_warden.png,823.png
822,8 Bit Thornwatch Sage,PAX Unplugged 2018,/images/Unplugged18/pin_8_bit_thornwatch_sage.png,822.png
821,Unplugged 2018 Logo,PAX Unplugged 2018,/images/Unplugged18/pin_unplugged_2018_logo.png,821.png
820,WASD,,/images/Other18/pin_wasd.png,820.png
819,Chaotic Nice,Naughty or Nice,/images/Other18/pin_chaotic_nice.png,819.png
818,Lawful Naughty,Naughty or Nice,/images/Other18/pin_lawful_naughty.png,818.png
817,Mario Kart Pink Gold Peach,Mario Kart Racer,/images/Other18/pin_mk_pink_gold_peach.png,817.png
816,Mario Kart Rosalina,Mario Kart Racer,/images/Other18/pin_mk_rosalina.png,816.png
815,Mario Kart Bowser,Mario Kart Racer,/images/Other18/pin_mk_bowser.png,815.png
814,Mario Kart Donkey Kong,Mario Kart Racer,/images/Other18/pin_mk_donkey_kong.png,814.png
813,Mario Kart Daisy,Mario Kart Racer,/images/Other18/pin_mk_daisy.png,813.png
812,Mario Kart Waluigi,Mario Kart Racer,/images/Other18/pin_mk_waluigi.png,812.png
811,Mario Kart Wario,Mario Kart Racer,/images/Other18/pin_mk_wario.png,811.png
810,Mario Kart Yoshi,Mario Kart Racer,/images/Other18/pin_mk_yoshi.png,810.png
809,Mario Kart Shy Guy,Mario Kart Racer,/images/Other18/pin_mk_shy_guy.png,809.png
808,Mario Kart Luigi,Mario Kart Racer,/images/Other18/pin_mk_luigi.png,808.png
807,Mario Kart Toad,Mario Kart Racer,/images/Other18/pin_mk_toad.png,807.png
806,Mario Kart Peach,Mario Kart Racer,/images/Other18/pin_mk_peach.png,806.png
805,Mario Kart Mario,Mario Kart Racer,/images/Other18/pin_mk_mario.png,805.png
804,Creation of Gabe - Tycho,Creation of Gabe,/images/Other18/pin_creation_of_gabe_tycho.png,804.png
803,Creation of Gabe - Gabe,Creation of Gabe,/images/Other18/pin_creation_of_gabe_gabe.png,803.png
802,Acq. Inc. 10 Year Anniversary,,/images/Other18/pin_acq_inc_10_year_anniversary.png,802.png
801,20th Anniversary,,/images/Other18/pin_20th_anniversary.png,801.png
800,Bus Stop,,/images/Other18/pin_bus_stop.png,800.png
799,Subtle Boom,,/images/Aus18/pin_subtle_boom.png,799.png
798,Dark Room,,/images/Aus18/pin_dark_room.png,798.png
797,SC Pinata,,/images/Aus18/pin_sc_pinata.png,797.png
796,Nimbus,,/images/Aus18/pin_nimbus.png,796.png
795,BOOgan,,/images/Aus18/pin_boogan.png,795.png
794,Drop Dice Bear,,/images/Aus18/pin_drop_dice_bear.png,794.png
793,Golden Acorn,,/images/Aus18/pin_golden_acorn.png,793.png
792,Lil Ronin,,/images/Aus18/pin_lil_ronin.png,792.png
791,Fellow Traveler,,/images/Aus18/pin_fellow_traveller.png,791.png
790,Popper,,/images/Aus18/pin_popper.png,790.png
789,Giant Margarita,,/images/Aus18/pin_giant_margarita.png,789.png
788,Dragon Friends,,/images/Aus18/pin_dragon_friends.png,788.png
787,Kaiju Stomp,,/images/Aus18/pin_kaiju_stomp.png,787.png
786,Pixel,,/images/Aus18/pin_pixel.png,786.png
785,Elder Scrolls Sweet Roll,,/images/Aus18/pin_elder_scrolls_sweet_roll.png,785.png
784,Adventure Pals Cupcake,,/images/Aus18/pin_adventure_pals_cupcake.png,784.png
783,Arbitrix,,/images/Aus18/pin_arbitrix.png,783.png
782,Aus 2018 LE,PAX 2018 Show LEs,/images/Aus18/pin_aus_2018_le.png,782.png
781,8 Bit Aus Kemper,PAX Aus 2018,/images/Aus18/pin_8_bit_aus_kemper.png,781.png
780,8 Bit Aus Tycho,PAX Aus 2018,/images/Aus18/pin_8_bit_aus_tycho.png,780.png
779,8 Bit Aus Gabe,PAX Aus 2018,/images/Aus18/pin_8_bit_aus_gabe.png,779.png
778,Aus 2018 Logo,PAX Aus 2018,/images/Aus18/pin_aus_2018_logo.png,778.png
777,Doomguy,,/images/Other18/pin_doomguy.png,777.png
776,Tricentennial,,/images/Other18/pin_tricentennial.png,776.png
775,Diablo's Pin of Sin,,/images/West18/pin_diablos_pin_of_sin.png,775.png
774,You Don't Know Jack,,/images/West18/pin_you_dont_know_jack.png,774.png
773,Orange IMP,,/images/West18/pin_orange_imp.png,773.png
772,Tabby Slime Rancher,,/images/West18/pin_tabby_slime_rancher.png,772.png
771,Oculus Void,,/images/West18/pin_oculus_void.png,771.png
770,Donut County - Trash King,,/images/West18/pin_donut_county_trash_king.png,770.png
769,Fortnite Logo,Fortnite,/images/West18/pin_fortnite_logo.png,769.png
768,Victory Royale,Fortnite,/images/West18/pin_victory_royale.png,768.png
767,Fortnite Llama,Fortnite,/images/West18/pin_fortnite_llama.png,767.png
766,Fortnite Bush,Fortnite,/images/West18/pin_fortnite_bush.png,766.png
765,Overcooked,,/images/West18/pin_overcooked.png,765.png
764,Vlambeer Logo,,/images/West18/pin_vlambeer_logo.png,764.png
763,Gregg,,/images/West18/pin_gregg.png,763.png
762,Axe,,/images/West18/pin_axe.png,762.png
761,PAX AUS Roadshow Kookaburra,,/images/West18/pin_kookaburra.png,761.png
760,VA-11 Hall-A: Dorothy,,/images/West18/pin_va_11_hall_a_dorothy.png,760.png
759,Doorbot,,/images/West18/pin_doorbot.png,759.png
758,Popori,,/images/West18/pin_popori.png,758.png
757,Bit Brigade,,/images/West18/pin_bit_brigade.png,757.png
756,Fracture the Cat,,/images/West18/pin_fracture_the_cat.png,756.png
755,Jason & Quincy Card Chomp,,/images/West18/pin_jason_quincy_card_chomp.png,755.png
754,Spoopy,,/images/West18/pin_spoopy.png,754.png
753,Take This Castle,,/images/West18/pin_take_this_castle.png,753.png
752,Rose Gold Glitch,,/images/West18/pin_rose_gold_glitch.png,752.png
751,Mega Man (West 18),,/images/West18/pin_mega_man_west18.png,751.png
750,Darksiders III,,/images/West18/pin_darksiders_iii.png,750.png
749,Orcane Pinny,,/images/West18/pin_orcane_pinny.png,749.png
748,Sworcery Deer,,/images/West18/pin_sworcery_deer.png,748.png
747,Knights and Bikes,,/images/West18/pin_knights_and_bikes.png,747.png
746,Cuphead,,/images/West18/pin_cuphead.png,746.png
745,Love,,/images/West18/pin_love.png,745.png
744,Wow,,/images/West18/pin_wow.png,744.png
743,Neverwinter,,/images/West18/pin_neverwinter.png,743.png
742,Star Trek Online,,/images/West18/pin_star_trek_online.png,742.png
741,Aftercharge,,/images/West18/pin_aftercharge.png,741.png
740,West 2018 LE,PAX 2018 Show LEs,/images/West18/pin_west_2018_le.png,740.png
739,8 Bit Fruit Friend,PAX West 2018,/images/West18/pin_8_bit_fruit_friend.png,739.png
738,8 Bit Fleshreaper,PAX West 2018,/images/West18/pin_8_bit_fleshreaper.png,738.png
737,8 Bit CTS,PAX West 2018,/images/West18/pin_8_bit_cts.png,737.png
736,West 2018 Logo,PAX West 2018,/images/West18/pin_west_2018_logo.png,736.png
735,Capture Mario,Capture Set,/images/Other18/pin_capture_mario.png,735.png
734,Bullet Bill,Capture Set,/images/Other18/pin_bullet_bill.png,734.png
733,Cheep Cheep,Capture Set,/images/Other18/pin_cheep_cheep.png,733.png
732,Chain Chomp,Capture Set,/images/Other18/pin_chain_chomp.png,732.png
731,Star Cup,Mario Kart Classic Cups Set,/images/Other18/pin_star_cup.png,731.png
730,Special Cup,Mario Kart Classic Cups Set,/images/Other18/pin_special_cup.png,730.png
729,Mushroom Cup,Mario Kart Classic Cups Set,/images/Other18/pin_mushroom_cup.png,729.png
728,Flower Cup,Mario Kart Classic Cups Set,/images/Other18/pin_flower_cup.png,728.png
727,Thornwatch Kickstarter,,/images/Other18/pin_thornwatch_kickstarter.png,727.png
726,Critically Queer,Pride Pin Set,/images/Other18/pin_critically_queer.png,726.png
725,New Game +,Pride Pin Set,/images/Other18/pin_new_game.png,725.png
724,Gaytroller,Pride Pin Set,/images/Other18/pin_gaytroller.png,724.png
723,Super Cutie,Pride Pin Set,/images/Other18/pin_super_cutie.png,723.png
722,Sinner: Greed,,/images/East18/pin_sinner_greed.png,722.png
721,Ti'zo,,/images/East18/pin_tizo.png,721.png
720,Peter Arcade,,/images/East18/pin_peter_arcade.png,720.png
719,VA-11 Hall-A: Jill,,/images/East18/pin_va_11_hall_a_jill.png,719.png
718,YIIK: Alex,,/images/East18/pin_yiik_alex.png,718.png
717,TBS3: Juno,,/images/East18/pin_tbs3_juno.png,717.png
716,POE2: Tekehu,,/images/East18/pin_poe2_tekehu.png,716.png
715,Golden Glitch,,/images/East18/pin_golden_glitch.png,715.png
714,Black Light Cerberus,,/images/East18/pin_black_light_cerberus.png,714.png
713,Super Meat Family,,/images/East18/pin_super_meat_family.png,713.png
712,Blind (The Warden),,/images/East18/pin_blind_the_warden.png,712.png
711,PAX Aus Roadshow Possum,,/images/East18/pin_pax_aus_roadshow_possum.png,711.png
710,Harbinger,,/images/East18/pin_harbinger.png,710.png
709,Oculus,,/images/East18/pin_oculus.png,709.png
708,Luna Owl,,/images/East18/pin_luna_owl.png,708.png
707,Human Era Machine,,/images/East18/pin_human_era_machine.png,707.png
706,Deadstream,,/images/East18/pin_deadstream.png,706.png
705,Figs n Co,,/images/East18/pin_figs_n_co.png,705.png
704,Keys,,/images/East18/pin_keys.png,704.png
703,Mae,,/images/East18/pin_mae.png,703.png
702,Bellringer Angel,,/images/East18/pin_bellringer_angel.png,702.png
701,Shu,,/images/East18/pin_shu.png,701.png
700,Sparkle Kitty,,/images/East18/pin_sparkle_kitty.png,700.png
699,Rise of Tribes,,/images/East18/pin_rise_of_tribes.png,699.png
698,Due Process - Badge,,/images/East18/pin_due_process_badge.png,698.png
697,Outer Wilds,,/images/East18/pin_outer_wilds.png,697.png
696,East 2018 LE,PAX 2018 Show LEs,/images/East18/east_2018_le.png,696.png
695,8 Bit Green Flame,PAX East 2018,/images/East18/pin_8_bit_green_flame.png,695.png
694,8 Bit Omin Dran,PAX East 2018,/images/East18/pin_8_bit_omin_dran.png,694.png
693,8 Bit Jim Darkmagic,PAX East 2018,/images/East18/pin_8_bit_jim_darkmagic.png,693.png
692,East 2018 Logo,PAX East 2018,/images/East18/pin_east_2018_logo.png,692.png
691,Rainbow PAX Logo,,/images/PAX18/pin_rainbow_pax_logo.png,691.png
690,They / Them,,/images/PAX18/pin_they_them.png,690.png
689,She / Her,,/images/PAX18/pin_she_her.png,689.png
688,He / Him,,/images/PAX18/pin_he_him.png,688.png
687,Gold Mr. Period,PA Staff Series 6,/images/PAX18/pin_gold_mr_period.png,687.png
686,Gold CTS,PA Staff Series 6,/images/PAX18/pin_gold_cts.png,686.png
685,Gold Grace,PA Staff Series 6,/images/PAX18/pin_gold_grace.png,685.png
684,Gold Rex Ready,PA Staff Series 6,/images/PAX18/pin_gold_rex_ready.png,684.png
683,Mr. Period,PA Staff Series 6,/images/PAX18/pin_mr_period.png,683.png
682,CTS (Staff),PA Staff Series 6,/images/PAX18/pin_cts_staff.png,682.png
681,Witchalok,PA Staff Series 6,/images/PAX18/pin_witchalok.png,681.png
680,Dr. Raven Darktalon Blood,PA Staff Series 6,/images/PAX18/pin_dr_raven_darktalon_blood.png,680.png
679,Grace,PA Staff Series 6,/images/PAX18/pin_grace.png,679.png
678,Esther,PA Staff Series 6,/images/PAX18/pin_esther.png,678.png
677,Oksana,PA Staff Series 6,/images/PAX18/pin_oksana.png,677.png
676,Rex Ready,PA Staff Series 6,/images/PAX18/pin_rex_ready.png,676.png
675,Kissin' Tycho,Boss Series 6,/images/PAX18/pin_kissin_tycho.png,675.png
674,Kissin' Gabe,Boss Series 6,/images/PAX18/pin_kissin_gabe.png,674.png
673,Merch 6.0,,/images/PAX18/pin_merch_6.png,673.png
672,Club PA 2018,,/images/Other18/pin_club_pa_2018.png,672.png
671,Cactifur,,/images/South18/pin_cactifur.png,671.png
670,VR Chip,,/images/South18/pin_vr_chip.png,670.png
669,Pixel,,/images/South18/pin_pixel.png,669.png
668,15 Year Anniversary,,/images/South18/pin_15_year_anniversary.png,668.png
667,Masquerada: Oli,,/images/South18/pin_masquerada_oli.png,667.png
666,Masquerada: The Heart,,/images/South18/pin_masquerada_the_heart.png,666.png
665,Nerdcore Hip Hop,,/images/South18/pin_nerdcore_hip_hop.png,665.png
664,"The ""C"" Team TPK",,/images/South18/pin_the_c_team_tpk.png,664.png
663,Sunhat K'thriss,,/images/South18/pin_sunhat_kthriss.png,663.png
662,Just Shapes & Beats,,/images/South18/pin_just_shapes_and_beats.png,662.png
661,Wattam - Mayor,,/images/South18/pin_wattam_mayor.png,661.png
660,South 2018 LE,PAX 2018 Show LEs,/images/South18/pin_south_2018_le.png,660.png
659,8 Bit Kemper,PAX South 2018,/images/South18/pin_8_bit_kemper.png,659.png
658,8 Bit Tycho,PAX South 2018,/images/South18/pin_8_bit_tycho.png,658.png
657,8 Bit Gabe,PAX South 2018,/images/South18/pin_8_bit_gabe.png,657.png
656,South 2018 Logo,PAX South 2018,/images/South18/pin_south_2018_logo.png,656.png
655,New Year 2018,,/images/Other18/pin_new_year_2018.png,655.png
654,Donaar Holiday,K'thriss-Mas Set 2017,/images/Other17/pin_donaar_holiday.png,654.png
653,Rosie Holiday,K'thriss-Mas Set 2017,/images/Other17/pin_rosie_holiday.png,653.png
652,Walnut Holiday,K'thriss-Mas Set 2017,/images/Other17/pin_walnut_holiday.png,652.png
651,K'thriss Holiday,K'thriss-Mas Set 2017,/images/Other17/pin_kthriss_holiday.png,651.png
650,Big Luigi,Super Mario Bros. 3 Blind Box,/images/Other17/pin_big_luigi.png,650.png
649,Bowser,Super Mario Bros. 3 Blind Box,/images/Other17/pin_bowser.png,649.png
648,Super Leaf,Super Mario Bros. 3 Blind Box,/images/Other17/pin_super_leaf.png,648.png
647,Toad,Super Mario Bros. 3 Blind Box,/images/Other17/pin_toad.png,647.png
646,Princess Peach,Super Mario Bros. 3 Blind Box,/images/Other17/pin_princess_peach.png,646.png
645,Statue Mario,Super Mario Bros. 3 Blind Box,/images/Other17/pin_statue_mario.png,645.png
644,Kuribo's Shoe Mario,Super Mario Bros. 3 Blind Box,/images/Other17/pin_kuribos_shoe_mario.png,644.png
643,Wendy O. Koopa,Super Mario Bros. 3 Blind Box,/images/Other17/pin_wendy_o_koopa.png,643.png
642,Dry Bones,Super Mario Bros. 3 Blind Box,/images/Other17/pin_dry_bones.png,642.png
641,Frog Mario,Super Mario Bros. 3 Blind Box,/images/Other17/pin_frog_mario.png,641.png
640,Tanooki Mario,Super Mario Bros. 3 Blind Box,/images/Other17/pin_tanooki_mario.png,640.png
639,Larry Koopa,Super Mario Bros. 3 Blind Box,/images/Other17/pin_larry_koopa.png,639.png
638,Hammer Mario,Super Mario Bros. 3 Blind Box,/images/Other17/pin_hammer_mario.png,638.png
637,Hammer Bro,Super Mario Bros. 3 Blind Box,/images/Other17/pin_hammer_bro.png,637.png
636,Fire Mario,Super Mario Bros. 3 Blind Box,/images/Other17/pin_fire_mario.png,636.png
635,Raccoon Mario,Super Mario Bros. 3 Blind Box,/images/Other17/pin_raccoon_mario.png,635.png
634,Paragoomba,Super Mario Bros. 3 Blind Box,/images/Other17/pin_paragoomba.png,634.png
633,Boo,Super Mario Bros. 3 Blind Box,/images/Other17/pin_boo.png,633.png
632,Bob-Omb,Super Mario Bros. 3 Blind Box,/images/Other17/pin_bob_omb.png,632.png
631,Small Luigi,Super Mario Bros. 3 Blind Box,/images/Other17/pin_small_luigi.png,631.png
630,Small Mario,Super Mario Bros. 3 Blind Box,/images/Other17/pin_small_mario.png,630.png
629,DSB Kemper,,/images/Other17/pin_dsb_kemper.png,629.png
628,Bug Splat,,/images/Other17/pin_bug_splat.png,628.png
627,Munchkin: Spyke,,/images/Unplugged17/pin_munchkin_spyke.png,627.png
626,Zombie Dice,,/images/Unplugged17/pin_zombie_dice.png,626.png
625,Fluxx,,/images/Unplugged17/pin_fluxx.png,625.png
624,Dragoon Wrench,,/images/Unplugged17/pin_dragoon_wrench.png,624.png
623,The Duel Skull,,/images/Unplugged17/pin_the_duel_skull.png,623.png
622,Dice Tower Guy,,/images/Unplugged17/pin_dice_tower_guy.png,622.png
621,TRI-Eye,,/images/Unplugged17/pin_tri_eye.png,621.png
620,Burning Wheel,,/images/Unplugged17/pin_burning_wheel.png,620.png
619,Legend of the Five Rings,,/images/Unplugged17/pin_legend_of_the_five_rings.png,619.png
618,Unlock!,,/images/Unplugged17/pin_unlock.png,618.png
617,Unplugged 2017 LE,PAX 2017 Show LEs,/images/Unplugged17/pin_unplugged_2017_le.png,617.png
616,Snow Level Kemper,PAX Unplugged 2017,/images/Unplugged17/pin_snow_level_kemper.png,616.png
615,Snow Level Tycho,PAX Unplugged 2017,/images/Unplugged17/pin_snow_level_tycho.png,615.png
614,Snow Level Gabe,PAX Unplugged 2017,/images/Unplugged17/pin_snow_level_gabe.png,614.png
613,Unplugged 2017 Inaugural Logo,PAX Unplugged 2017,/images/Unplugged17/pin_unplugged_2017 _inaugural_logo.png,613.png
612,Lil Samurai,,/images/Aus17/pin_lil_samurai.png,612.png
611,Hand of Fate 2,,/images/Aus17/pin_hand_of_fate_2.png,611.png
610,Hand of Fate 1,,/images/Aus17/pin_hand_of_fate_1.png,610.png
609,Florence - Florence,,/images/Aus17/pin_florence_florence.png,609.png
608,Florence - Krish,,/images/Aus17/pin_florence_krish.png,608.png
607,Ashen - Mustachioed,,/images/Aus17/pin_ashen_mustachioed.png,607.png
606,Paperville Panic UFO,,/images/Aus17/pin_paperville_panic_ufo.png,606.png
605,Think of the Children,,/images/Aus17/pin_think_of_the_children.png,605.png
604,Orwell,,/images/Aus17/pin_orwell.png,604.png
603,Mighty Machine,,/images/Aus17/pin_mighty_machine.png,603.png
602,Shooty Cutie Cat,,/images/Aus17/pin_shooty_cutie_cat.png,602.png
601,Framed 2,,/images/Aus17/pin_framed_2.png,601.png
600,28 Plays Later,,/images/Aus17/pin_28_plays_later.png,600.png
599,Crossy Mickey,,/images/Aus17/pin_crossy_mickey.png,599.png
598,Crossy Chicken,,/images/Aus17/pin_crossy_chicken.png,598.png
597,Blockpocalypse,,/images/Aus17/pin_blockpocalypse.png,597.png
596,Forts Eagle Empire Insignia,,/images/Aus17/pin_forts_eagle_empire_insignia.png,596.png
595,Doggo,,/images/Aus17/pin_doggo.png,595.png
594,Aus 2017 LE,PAX 2017 Show LEs,/images/Aus17/pin_aus_2017_le.png,594.png
593,Flamin' Hot Fleshreaper,PAX Aus 2017,/images/Aus17/pin_flamin_hot_fleshreaper.png,593.png
592,Flamin' Hot Tycho,PAX Aus 2017,/images/Aus17/pin_flamin_hot_tycho.png,592.png
591,Flamin' Hot Gabe,PAX Aus 2017,/images/Aus17/pin_flamin_hot_gabe.png,591.png
590,Aus 2017 Logo,PAX Aus 2017,/images/Aus17/pin_aus_2017_logo.png,590.png
589,Master Sword,,/images/Other17/pin_master_sword.png,589.png
588,Table Titan,,/images/Other17/pin_table_titan.png,588.png
587,Mixer Hype,,/images/West17/pin_mixer_hype.png,587.png
586,Fallen Soldier,,/images/West17/pin_fallen_soldier.png,586.png
585,It Not Perfect System,Krog & Friends,/images/West17/pin_it_not_perfect_system.png,585.png
584,Krog,Krog & Friends,/images/West17/pin_krog.png,584.png
583,Torg,Krog & Friends,/images/West17/pin_torg.png,583.png
582,Herk,Krog & Friends,/images/West17/pin_herk.png,582.png
581,Game Wizard Garfield,,/images/West17/pin_game_wizard_garfield.png,581.png
580,Halo Legendary Crate,,/images/West17/pin_halo_legendary_crate.png,580.png
579,Shovel Knight,,/images/West17/pin_shovel_knight.png,579.png
578,Star Realms,,/images/West17/pin_star_realms.png,578.png
577,Owlboy Otus,,/images/West17/pin_owlboy_otus.png,577.png
576,Far Cry 5 Flag,,/images/West17/pin_far_cry_5_flag.png,576.png
575,Twitch Arcade,,/images/West17/pin_twitch_arcade.png,575.png
574,ToeJam & Earl High Five,,/images/West17/pin_toejam_earl_high_five.png,574.png
573,Mimic,,/images/West17/pin_mimic.png,573.png
572,Meat Boy Warp,,/images/West17/pin_meat_boy_warp.png,572.png
571,Psychomancer 2017,,/images/West17/pin_pyschomancer_2017.png,571.png
570,PAX Aus Roadshow Platypus,,/images/West17/pin_pax_aus_roadshow_platypus.png,570.png
569,Queen of Smiles,,/images/West17/pin_queen_of_smiles.png,569.png
568,Gunnie,,/images/West17/pin_gunnie.png,568.png
567,Molotov,,/images/West17/pin_molotov.png,567.png
566,LRR Spoopbucks,,/images/West17/pin_lrr_spoopbucks.png,566.png
565,Annie,,/images/West17/pin_annie.png,565.png
564,Chainsawsuit Logo,,/images/West17/pin_chainsawsuit_logo.png,564.png
563,CW Action Figures,,/images/West17/pin_cw_action_figures.png,563.png
562,TeeKO Cat,,/images/West17/pin_teeko_cat.png,562.png
561,GNOG,,/images/West17/pin_gnog.png,561.png
560,Gang Beasts,,/images/West17/pin_gang_beasts.png,560.png
559,Dr Whiskers,,/images/West17/pin_dr_whiskers.png,559.png
558,Bullet Hero,,/images/West17/pin_bullet_hero.png,558.png
557,Dauntless,,/images/West17/pin_dauntless.png,557.png
556,Cookie Brigade,,/images/West17/pin_cookie_brigade.png,556.png
555,10 Year Aniversary Geralt,,/images/West17/pin_10_year_anniversary_geralt.png,555.png
554,Monster Hunter World,,/images/West17/pin_monster_hunter_world.png,554.png
553,Paige GG,,/images/West17/pin_paige_gg.png,553.png
552,Donut County - BK,,/images/West17/pin_donut_county_bk.png,552.png
551,Kentucky Route Zero - Equus,,/images/West17/pin_krz_equus.png,551.png
550,Love Has No Labels,,/images/West17/pin_love_has_no_labels.png,550.png
549,Super Star,,/images/Other17/pin_super_star.png,549.png
548,Game Over Mario,,/images/Other17/pin_game_over_mario.png,548.png
547,West 2017 LE,PAX 2017 Show LEs,/images/West17/pin_west_2017_le.png,547.png
546,The Cat Aquatic,PAX West 2017,/images/West17/pin_the_cat_aquatic.png,546.png
545,Drowning Tycho,PAX West 2017,/images/West17/pin_drowning_tycho.png,545.png
544,Diving Gabe,PAX West 2017,/images/West17/pin_diving_gabe.png,544.png
543,West 2017 Logo,PAX West 2017,/images/West17/pin_west_2017_logo.png,543.png
542,Super Mario,Super Mario Bros. World 1-2,/images/Other17/pin_super_mario.png,542.png
541,Underground Goomba,Super Mario Bros. World 1-2,/images/Other17/pin_underground_goomba.png,541.png
540,Gold Coin,Super Mario Bros. World 1-2,/images/Other17/pin_gold_coin.png,540.png
539,Fire Flower,Super Mario Bros. World 1-2,/images/Other17/pin_fire_flower.png,539.png
538,Kemper Bar,Summer Treats,/images/Other17/pin_kemper_bar.png,538.png
537,Merch Bar,Summer Treats,/images/Other17/pin_merch_bar.png,537.png
536,Tycho Bar,Summer Treats,/images/Other17/pin_tycho_bar.png,536.png
535,Gabe Bar,Summer Treats,/images/Other17/pin_gabe_bar.png,535.png
534,Zelda Triforce,,/images/Other17/pin_zelda_triforce.png,534.png
533,Link Triforce,,/images/Other17/pin_link_triforce.png,533.png
532,Club PA 2017,,/images/Other17/pin_club_pa_2017.png,532.png
531,Transformers,,/images/East17/pin_transformers.png,531.png
530,Trivia Murder Party,,/images/East17/pin_trivia_murder_party.png,530.png
529,Gloomweaver,,/images/East17/pin_gloomweaver.png,529.png
528,Eternal Jekk,,/images/East17/pin_eternal_jekk.png,528.png
527,Gwent Troll,,/images/East17/pin_gwent_troll.png,527.png
526,The Gardens Between Arina,,/images/East17/pin_the_gardens_between_arina.png,526.png
525,Back Off Barbarian,The Behemoth Series 7,/images/East17/pin_back_of_barbarian.png,525.png
524,Pit People Spidaur,The Behemoth Series 7,/images/East17/pin_pit_people_spidaur.png,524.png
523,Pit People Cyclops,The Behemoth Series 7,/images/East17/pin_pit_people_cyclops.png,523.png
522,Buddy Washington,,/images/East17/pin_buddy_washington.png,522.png
521,Hello Neighbor,,/images/East17/pin_hello_neighbour.png,521.png
520,Guitar Viari,,/images/East17/pin_guitar_viari.png,520.png
519,Morrowind,,/images/East17/pin_morrowind.png,519.png
518,Transtar,,/images/East17/pin_transtar.png,518.png
517,Nuka Cola Cap,,/images/East17/pin_nuka_cola_cap.png,517.png
516,Firewatch Forrest Byrnes,,/images/East17/pin_firewatch_forrest_byrnes.png,516.png
515,FNAF Nightmare Cupcake,,/images/East17/pin_fnaf_nightmare_cupcake.png,515.png
514,PAX AUS Roadshow Echidna,,/images/East17/pin_pax_aus_roadshow_echidna.png,514.png
513,Gorogoa - Bowl,,/images/East17/pin_gorogoa_bowl.png,513.png
512,Lawbreakers Faust,,/images/East17/pin_lawbreakers_faust.png,512.png
511,Jason D20,,/images/East17/pin_jason_d20.png,511.png
510,East 2017 LE,PAX 2017 Show LEs,/images/East17/pin_east_2017_le.png,510.png
509,FF Payload,PAX East 2017,/images/East17/pin_ff_payload.png,509.png
508,Heli-Kemper,PAX East 2017,/images/East17/pin_heli_kemper.png,508.png
507,Rianbow Ridin' Gabe,PAX East 2017,/images/East17/pin_rainbow_ridin_gabe.png,507.png
506,East 2017 Logo,PAX East 2017,/images/East17/pin_east_2017_logo.png,506.png
505,Rupee,The Legend of Zelda Overworld Set 1,/images/Other17/pin_rupee.png,505.png
504,Old Man,The Legend of Zelda Overworld Set 1,/images/Other17/pin_old_man.png,504.png
503,Octorok,The Legend of Zelda Overworld Set 1,/images/Other17/pin_octorok.png,503.png
502,Link,The Legend of Zelda Overworld Set 1,/images/Other17/pin_link.png,502.png
501,Enfu Tiger,Enfu: Cute and Wild,/images/Other17/pin_enfu_tiger.png,501.png
500,Enfu Gorilla,Enfu: Cute and Wild,/images/Other17/pin_enfu_gorilla.png,500.png
499,Enfu Panda,Enfu: Cute and Wild,/images/Other17/pin_enfu_panda.png,499.png
498,Waffle Travis,PA Staff Series 5,/images/PAX17/pin_waffle_travis.png,498.png
497,Nigiri Ryan,PA Staff Series 5,/images/PAX17/pin_nigiri_ryan.png,497.png
496,Vindaloo Patrick,PA Staff Series 5,/images/PAX17/pin_vindaloo_patrick.png,496.png
495,Rainbow Cookie Lidija,PA Staff Series 5,/images/PAX17/pin_rainbow_cookie_lidija.png,495.png
494,Pie Kristin,PA Staff Series 5,/images/PAX17/pin_pie_kristin.png,494.png
493,Taco Kiko,PA Staff Series 5,/images/PAX17/pin_taco_kiko.png,493.png
492,Egg Josh,PA Staff Series 5,/images/PAX17/pin_egg_josh.png,492.png
491,French Fry Jeff,PA Staff Series 5,/images/PAX17/pin_french_fry_jeff.png,491.png
490,Pizza Gavin,PA Staff Series 5,/images/PAX17/pin_pizza_gavin.png,490.png
489,Nacho Feh,PA Staff Series 5,/images/PAX17/pin_nacho_feh.png,489.png
488,Ice Cream Erick,PA Staff Series 5,/images/PAX17/pin_ice_cream_erick.png,488.png
487,Pad Thai David,PA Staff Series 5,/images/PAX17/pin_pad_thai_david.png,487.png
486,Tobiko Dabe,PA Staff Series 5,/images/PAX17/pin_tobiko_dabe.png,486.png
485,Enfu Tycho,Boss Series 5,/images/PAX17/pin_enfu_tycho.png,485.png
484,Enfu Gabe,Boss Series 5,/images/PAX17/pin_enfu_gabe.png,484.png
483,Merch 5.0,,/images/PAX17/pin_merch_5.png,483.png
482,Edith Finch - Finch,,/images/South17/pin_edith_finch_finch.png,482.png
481,Thrax Baby Dragon,,/images/South17/pin_thrax_baby_dragon.png,481.png
480,DWD Bandit Queen,,/images/South17/pin_dwd_bandit_queen.png,480.png
479,DWD Clank,,/images/South17/pin_dwd_clank.png,479.png
478,TBG Falcon,,/images/South17/pin_tbg_falcon.png,478.png
477,Child's Play 2017,,/images/South17/pin_childs_play_2017.png,477.png
476,South 2017 LE,PAX 2017 Show LEs,/images/South17/pin_south_2017_le.png,476.png
475,Fruitly Fire FF,,/images/South17/pin_fruitly_fire_ff.png,475.png
474,Butt Bomb Tycho,,/images/South17/pin_butt_bomb_tycho.png,474.png
473,Leapin' Gabe,,/images/South17/pin_leapin_gabe.png,473.png
472,South 2017 Logo,,/images/South17/pin_south_2017_logo.png,472.png
471,New Year 2017,,/images/Other17/pin_new_year_2017.png,471.png
470,Broken Carl,,/images/Other16/pin_broken_carl.png,470.png
469,Automata Kickstarter,,/images/Other16/pin_automata_kickstarter.png,469.png
468,Luigi Jump,,/images/Other16/pin_luigi_jump.png,468.png
467,Gabe Wreath,Christmas 2016,/images/Other16/pin_gabe_wreath.png,467.png
466,Tycho Wreath,Christmas 2016,/images/Other16/pin_tycho_wreath.png,466.png
465,Annarchy Wreath,Christmas 2016,/images/Other16/pin_annarchy_wreath.png,465.png
464,Kemper Wreath,Christmas 2016,/images/Other16/pin_kemper_wreath.png,464.png
463,Super Secret Skull Brooch,AI Blind Box,/images/Other16/pin_super_secret_skull_brooch.png,463.png
462,Skull Brooch,AI Blind Box,/images/Other16/pin_skull_brooch.png,462.png
461,"""Green Flame""",AI Blind Box,/images/Other16/pin_green_flame.png,461.png
460,Helpful Keg Robot,AI Blind Box,/images/Other16/pin_helpful_keg_robot.png,460.png
459,"""Good Enough""",AI Blind Box,/images/Other16/pin_good_enough.png,459.png
458,K'Thriss Drow'b,AI Blind Box,/images/Other16/pin_kthriss_drowb.png,458.png
457,"Jeff, A Real Wizard",AI Blind Box,/images/Other16/pin_jeff_a_real_wizard.png,457.png
456,Intern Aeofel,AI Blind Box,/images/Other16/pin_intern_aeofel.png,456.png
455,Intern M�rg�n,AI Blind Box,/images/Other16/pin_intern_morgan.png,455.png
454,Intern Viari,AI Blind Box,/images/Other16/pin_intern_viari.png,454.png
453,"Jim ""Jim"" Darkmagic",AI Blind Box,/images/Other16/pin_jim_jim_darkmagic.png,453.png
452,Trap Roomba Binwin,AI Blind Box,/images/Other16/pin_trap_roomba_binwin.png,452.png
451,CEO Omin,AI Blind Box,/images/Other16/pin_ceo_omin.png,451.png
450,Desert Bus For Hope,,/images/Other16/pin_desert_bus_for_hope.png,450.png
449,? Block,Super Mario Bros. World 1-1,/images/Other16/pin_question_block.png,449.png
448,Goomba,Super Mario Bros. World 1-1,/images/Other16/pin_goomba.png,448.png
447,Green Koopa Troopa,Super Mario Bros. World 1-1,/images/Other16/pin_green_koopa_troopa.png,447.png
446,Mario Jump,Super Mario Bros. World 1-1,/images/Other16/pin_mario_jump.png,446.png
445,Albert,,/images/Aus16/pin_albert.png,445.png
444,Hacknet,,/images/Aus16/pin_hacknet.png,444.png
443,Alienware 20th,,/images/Aus16/pin_alienware_20th.png,443.png
442,Hydra,,/images/Aus16/pin_hydra.png,442.png
441,Rogue Singularity,,/images/Aus16/pin_rogue_singularity.png,441.png
440,Fruits of a Feather,,/images/Aus16/pin_fruits_of_a_feather.png,440.png
439,Mallow Drops,,/images/Aus16/pin_mallow_drops.png,439.png
438,Ironic Yorick,,/images/Aus16/pin_ironic_yorick.png,438.png
437,Psychomancer,,/images/Aus16/pin_psychomancer.png,437.png
436,Tugger Nutts Goes Down Under,,/images/Aus16/pin_tugger_nutts_goes_down_under.png,436.png
435,Aus 2016 LE,PAX 2016 Show LEs,/images/Aus16/pin_aus_2016_le.png,435.png
434,Kart Kemper,PAX Aus 2016,/images/Aus16/pin_kart_kemper.png,434.png
433,Kart Tycho,PAX Aus 2016,/images/Aus16/pin_kart_tycho.png,433.png
432,Kart Gabe,PAX Aus 2016,/images/Aus16/pin_kart_gabe.png,432.png
431,Aus 2016 Logo,PAX Aus 2016,/images/Aus16/pin_aus_2016_logo.png,431.png
430,Tycho's Bones,Halloween 2016,/images/Other16/pin_tychos_bones.png,430.png
429,Gabe's Bones,Halloween 2016,/images/Other16/pin_gabes_bones.png,429.png
428,FF's Bones,Halloween 2016,/images/Other16/pin_ffs_bones.png,428.png
427,Kemper's Bones,Halloween 2016,/images/Other16/pin_kempers_bones.png,427.png
426,Aus Earlybird 2016,,/images/Aus16/pin_aus_earlybird_2016.png,426.png
425,Titan,Destiny,/images/West16/pin_titan.png,425.png
424,Ghost,Destiny,/images/West16/pin_ghost.png,424.png
423,Warlock,Destiny,/images/West16/pin_warlock.png,423.png
422,Hunter,Destiny,/images/West16/pin_hunter.png,422.png
421,Deathclaw,,/images/West16/pin_deathclaw.png,421.png
420,Emily,,/images/West16/pin_emily.png,420.png
419,Dark Brotherhood,,/images/West16/pin_dark_brotherhood.png,419.png
418,Mysterion,,/images/West16/pin_mysterion.png,418.png
417,Coon,,/images/West16/pin_coon.png,417.png
416,N7 Mass Effect,,/images/West16/pin_n7_mass_effect.png,416.png
415,Mega Man,,/images/West16/pin_mega_man.png,415.png
414,Brutal Legend,,/images/West16/pin_brutal_legend.png,414.png
413,Hexipal,,/images/West16/pin_hexipal.png,413.png
412,Balloonicorn,,/images/West16/pin_balloonicorn.png,412.png
411,Claptrap,,/images/West16/pin_claptrap.png,411.png
410,ToeJam & Earl,,/images/West16/pin_toejam_earl.png,410.png
409,Youseeks VR,,/images/West16/pin_youseeks_vr.png,409.png
408,Duelyst Lyonar,,/images/West16/pin_duelyst_lyonar.png,408.png
407,Duelyst Songhai,,/images/West16/pin_duelyst_songhai.png,407.png
406,Legion,,/images/West16/pin_legion.png,406.png
405,Green Flame Fist,,/images/West16/pin_green_flame_fist.png,405.png
404,Lymirth,,/images/West16/pin_lymirth.png,404.png
403,Chicken Foot,,/images/West16/pin_chicken_foot.png,403.png
402,Owl Bear,,/images/West16/pin_owl_bear.png,402.png
401,Mafia 223rd,,/images/West16/pin_mafia_223rd.png,401.png
400,Cthulhu Swim,,/images/West16/pin_cthulhu_swim.png,400.png
399,Construct,,/images/West16/pin_construct.png,399.png
398,Thimbleweed Park,,/images/West16/pin_thimbleweed_park.png,398.png
397,Armello Logo,,/images/West16/pin_armello_logo.png,397.png
396,PAX AUS Roadshow Koala,,/images/West16/pin_roadshow_koala.png,396.png
395,Tugger Nutts Does PAX,,/images/West16/pin_tugger_nutts_does_pax.png,395.png
394,H1Z1 KOTK,,/images/West16/pin_h1z1_kotk.png,394.png
393,STEVe,,/images/West16/pin_steve.png,393.png
392,Metal Samurai,,/images/West16/pin_metal_samurai.png,392.png
391,Drawful Owl,,/images/West16/pin_drawful_owl.png,391.png
390,CW Lovebug,,/images/West16/pin_cw_lovebug.png,390.png
389,MC Frontalot Final Boss,,/images/West16/pin_mc_frontalot_final_boss.png,389.png
388,Quincy,,/images/West16/pin_quincy.png,388.png
387,West 2016 LE,PAX 2016 Show LEs,/images/West16/pin_west_2016_le.png,387.png
386,VR Kemper,PAX West 2016,/images/West16/pin_vr_kemper.png,386.png
385,VR Tycho,PAX West 2016,/images/West16/pin_vr_tycho.png,385.png
384,VR Gabe,PAX West 2016,/images/West16/pin_vr_gabe.png,384.png
383,West 2016 Logo,PAX West 2016,/images/West16/pin_west_2016_logo.png,383.png
382,Child's Play 2016,,/images/Other16/pin_childs_play_2016.png,382.png
381,Summer Kemper,Kemper Summer 2016,/images/Other16/pin_summer_kemper.png,381.png
380,Summer Kemper Cute,Kemper Summer 2016,/images/Other16/pin_summer_kemper_cute.png,380.png
379,Summer Kemper Cuter,Kemper Summer 2016,/images/Other16/pin_summer_kemper_cuter.png,379.png
378,Summer Kemper Cutest,Kemper Summer 2016,/images/Other16/pin_summer_kemper_cutest.png,378.png
377,Club PA 2016,,/images/Other16/pin_club_pa_2016.png,377.png
376,Flaming d20,,/images/East16/pin_flaming_d20.png,376.png
375,Half-Life Lambda,,/images/East16/pin_half_life_lambda.png,375.png
374,Master of Orion GNN,,/images/East16/pin_master_of_orion_gnn.png,374.png
373,What Ho!,,/images/East16/pin_what_ho.png,373.png
372,Hob,,/images/East16/pin_hob.png,372.png
371,Hair Troll,The Behemoth Series 6,/images/East16/pin_hair_troll.png,371.png
370,Gnome,The Behemoth Series 6,/images/East16/pin_gnome.png,370.png
369,Wraith,The Behemoth Series 6,/images/East16/pin_wraith.png,369.png
368,"Dammit, Roach!",,/images/East16/pin_dammit_roach.png,368.png
367,TBS2 Bolverk,,/images/East16/pin_tbs2_bolverk.png,367.png
366,Dogmeat,,/images/East16/pin_dogmeat.png,366.png
365,Cyberdemon,,/images/East16/pin_cyberdemon.png,365.png
364,Vault Girl,,/images/East16/pin_vault_girl.png,364.png
363,Teemo,,/images/East16/pin_teemo.png,363.png
362,Rock Band 4 Laurel,,/images/East16/pin_rock_band_4_laurel.png,362.png
361,Amplitude,,/images/East16/pin_amplitude.png,361.png
360,Hanger 13,,/images/East16/pin_hangar_13.png,360.png
359,Cronos,,/images/East16/pin_cronos.png,359.png
358,Cadavre,,/images/East16/pin_cadavre.png,358.png
357,Skull the Troll Revere,,/images/East16/pin_skull_the_troll_revere.png,357.png
356,Boston Spoopins,,/images/East16/pin_boston_spoopins.png,356.png
355,East 2016 LE,PAX 2016 Show LEs,/images/East16/pin_east_2016_le.png,355.png
354,Rhythm Annarchy,PAX East 2016,/images/East16/pin_rhythm_annarchy.png,354.png
353,Rhythm Cyn,PAX East 2016,/images/East16/pin_rhythm_cyn.png,353.png
352,Rhythm Bex,PAX East 2016,/images/East16/pin_rhythm_bex.png,352.png
351,East 2016 Logo,PAX East 2016,/images/East16/pin_east_2016_logo.png,351.png
350,Merch 4.0,,/images/PAX16/pin_merch_4.png,350.png
349,Rage Gabe,Boss Series 4,/images/PAX16/pin_rage_gabe.png,349.png
348,Rage Tycho,Boss Series 4,/images/PAX16/pin_rage_tycho.png,348.png
347,Kiko - Der Dorbelgorbel,PA Staff Series 4,/images/PAX16/pin_kiko_der_dorbelgorbel.png,347.png
346,Gavin - Friends in High Places,PA Staff Series 4,/images/PAX16/pin_gavin_friends_in_high_places.png,346.png
345,Dabe - Ursine Adventures,PA Staff Series 4,/images/PAX16/pin_dabe_ursine_adventures.png,345.png
344,Jeff - Savage New Brutals,PA Staff Series 4,/images/PAX16/pin_jeff_savage_new_brutals.png,344.png
343,Brian - The Ungift,PA Staff Series 4,/images/PAX16/pin_brian_the_ungift.png,343.png
342,David - Codex Parentes,PA Staff Series 4,/images/PAX16/pin_david_codex_parentes.png,342.png
341,Josh - The Maw,PA Staff Series 4,/images/PAX16/pin_josh_the_maw.png,341.png
340,Khoo - Santa's Little Helper,PA Staff Series 4,/images/PAX16/pin_khoo_santas_little_helper.png,340.png
339,Kristin - The Little Hashshashin,PA Staff Series 4,/images/PAX16/pin_kristin_the_little_hashshashin.png,339.png
338,Mike - A Whimsical God,PA Staff Series 4,/images/PAX16/pin_mike_whimsical_god.png,338.png
337,Erik - Force Multiplier,PA Staff Series 4,/images/PAX16/pin_erik_force_multiplier.png,337.png
336,Erick - Them There End Times,PA Staff Series 4,/images/PAX16/pin_erick_them_there_end_times.png,336.png
335,Drake,,/images/Other16/pin_drake.png,335.png
334,Sully,,/images/Other16/pin_sully.png,334.png
333,Elena,,/images/Other16/pin_elena.png,333.png
332,GtG Matriarch,,/images/South16/pin_gtg_matriach.png,332.png
331,Surprise Attack Ninja,,/images/South16/pin_surprise_attack_ninja.png,331.png
330,Creepy Doll BBQ,,/images/South16/pin_creepy_doll_bbq.png,330.png
329,CW Haunted Beaver,,/images/South16/pin_cw_haunted_beaver.png,329.png
328,Headcrab,,/images/South16/pin_headcrab.png,328.png
327,South 2016 LE,PAX 2016 Show LEs,/images/South16/pin_south_2016_le.png,327.png
326,Troll Catsby,PAX South 2016,/images/South16/pin_troll_catsby.png,326.png
325,Iron Twisp,PAX South 2016,/images/South16/pin_iron_twisp.png,325.png
324,Mecha FF,PAX South 2016,/images/South16/pin_mecha_ff.png,324.png
323,South 2016 Logo,PAX South 2016,/images/South16/pin_south_2016_logo.png,323.png
322,New Year 2016,,/images/Other16/pin_new_year_2016.png,322.png
321,Triad Wars,,/images/Other15/pin_triad_wars.png,321.png
320,Enfu Unicorn,Enfu Rainbow Luv,/images/Other15/pin_enfu_unicorn.png,320.png
319,Enfu Girl,Enfu Rainbow Luv,/images/Other15/pin_enfu_girl.png,319.png
318,Enfu Hamster Hawk,Enfu Rainbow Luv,/images/Other15/pin_enfu_hamster_hawk.png,318.png
317,Gingerbread Gabe,Christmas 2015,/images/Other15/pin_gingerbread_gabe.png,317.png
316,Gingerbread Tycho,Christmas 2015,/images/Other15/pin_gingerbread_tycho.png,316.png
315,Gingerbread Div,Christmas 2015,/images/Other15/pin_gingerbread_div.png,315.png
314,Gingerbread Kemper,Christmas 2015,/images/Other15/pin_gingerbread_kemper.png,314.png
313,Nissa,,/images/Aus15/pin_nissa.png,313.png
312,Medius the Cannibal,,/images/Aus15/pin_medius_the_cannibal.png,312.png
311,Death Squared Red,,/images/Aus15/pin_death_squared_red.png,311.png
310,Death Squared Blue,,/images/Aus15/pin_death_squared_blue.png,310.png
309,Praise Helix,,/images/Aus15/pin_praise_helix.png,309.png
308,Screencheat Logo,,/images/Aus15/pin_screencheat_logo.png,308.png
307,Aus 2015 Polygon,PAX 2015 Show LEs,/images/Aus15/pin_aus_2015_polygon.png,307.png
306,Snorkel Kemper,PAX Aus 2015,/images/Aus15/pin_snorkel_kemper.png,306.png
305,Snorkel Tycho,PAX Aus 2015,/images/Aus15/pin_snorkel_tycho.png,305.png
304,Snorkel Gabe,PAX Aus 2015,/images/Aus15/pin_snorkel_gabe.png,304.png
303,Aus 2015 Logo,PAX Aus 2015,/images/Aus15/pin_aus_2015_logo.png,303.png
302,Splatter Gabe,Armadeaddon Blind Box,/images/Other15/pin_splatter_gabe.png,302.png
301,Splatter Tycho,Armadeaddon Blind Box,/images/Other15/pin_splatter_tycho.png,301.png
300,Blood Rage FF,Armadeaddon Blind Box,/images/Other15/pin_blood_rage_ff.png,300.png
299,Splatter Annarchy,Armadeaddon Blind Box,/images/Other15/pin_splatter_annarchy.png,299.png
298,Splatter Charles,Armadeaddon Blind Box,/images/Other15/pin_splatter_charles.png,298.png
297,Splatter Frank,Armadeaddon Blind Box,/images/Other15/pin_splatter_frank.png,297.png
296,Splatter Galahad,Armadeaddon Blind Box,/images/Other15/pin_splatter_galahad.png,296.png
295,Sad Zombie Tycho,Armadeaddon Blind Box,/images/Other15/pin_sad_zombie_tycho.png,295.png
294,Zombie Juice,Armadeaddon Blind Box,/images/Other15/pin_zombie_juice.png,294.png
293,Skeleton Jim,Armadeaddon Blind Box,/images/Other15/pin_skeleton_jim.png,293.png
292,Cinnamon Roll Gabe,Armadeaddon Blind Box,/images/Other15/pin_cinnamon_roll_gabe.png,292.png
291,Epilogue Polaroid,Armadeaddon Blind Box,/images/Other15/pin_epilogue_polaroid.png,291.png
290,Gabe of the Eyrewood,Halloween 2015,/images/Other15/pin_gabe_of_the_eyrewood.png,290.png
289,Troop Leader Tycho,Halloween 2015,/images/Other15/pin_troop_leader_tycho.png,289.png
288,Lookouts Annarchy,Halloween 2015,/images/Other15/pin_lookouts_annarchy.png,288.png
287,Lookouts Kemper,Halloween 2015,/images/Other15/pin_lookouts_kemper.png,287.png
286,Starslip Prime,,/images/West15/pin_starslip_prime.png,286.png
285,CW Skull,,/images/West15/pin_cw_skull.png,285.png
284,Bin It 2 Win It,,/images/West15/pin_bin_it_2_win_it.png,284.png
283,Gideon,,/images/West15/pin_gideon.png,283.png
282,Rage of Demons,,/images/West15/pin_rage_of_demons.png,282.png
281,Kappa,,/images/West15/pin_kappa.png,281.png
280,Double Fine Logo,,/images/West15/pin_double_fine_logo.png,280.png
279,Raz,,/images/West15/pin_raz.png,279.png
278,Iver,,/images/West15/pin_iver.png,278.png
277,Bellower,,/images/West15/pin_bellower.png,277.png
276,Diamond Block,,/images/West15/pin_diamond_block.png,276.png
275,Tyto,,/images/West15/pin_tyto.png,275.png
274,PotatOS,Portal,/images/West15/pin_potatos.png,274.png
273,Wheatley,Portal,/images/West15/pin_wheatley.png,273.png
272,Companion Cube,Portal,/images/West15/pin_companion_cube.png,272.png
271,ATLAS and P-Body,Portal,/images/West15/pin_atlas_and_p_body.png,271.png
270,Co-Optional Podcast,,/images/West15/pin_co_optional_podcast.png,270.png
269,Seattle Polaris Grand Prix,,/images/West15/pin_seattle_polaris_grand_prix.png,269.png
268,Vault Boy,,/images/West15/pin_vault_boy.png,268.png
267,Doom Revenant,,/images/West15/pin_doom_revenant.png,267.png
266,World of Warships,,/images/West15/pin_world_of_warships.png,266.png
265,Commander Bragh,,/images/West15/pin_commander_bragh.png,265.png
264,Rock Band,,/images/West15/pin_rock_band.png,264.png
263,Vampiress,The Behemoth Series 5,/images/West15/pin_vampiress.png,263.png
262,Rainbow Horse,The Behemoth Series 5,/images/West15/pin_rainbow_horse.png,262.png
261,Jerkimides,The Behemoth Series 5,/images/West15/pin_jerkimides.png,261.png
260,Pipistrella,The Behemoth Series 5,/images/West15/pin_pipistrella.png,260.png
259,Horatio,The Behemoth Series 5,/images/West15/pin_horatio.png,259.png
258,Lovers in a Dangerous Space Time,,/images/West15/pin_lovers_in_a_dangerous_space_time.png,258.png
257,Rainbow 6,,/images/West15/pin_rainbow_6.png,257.png
256,Sprite,,/images/West15/pin_sprite.png,256.png
255,Riptor,,/images/West15/pin_riptor.png,255.png
254,Muffins of Comedy and Tragedy,,/images/West15/pin_muffins_of_comedy_and_tragedy.png,254.png
253,Prime 2015 Polygon,PAX 2015 Show LEs,/images/West15/pin_prime_2015_polygon.png,253.png
252,PNW Kemper,PAX Prime 2015,/images/West15/pin_pnw_kemper.png,252.png
251,PNW Tycho,PAX Prime 2015,/images/West15/pin_pnw_tycho.png,251.png
250,PNW Gabe,PAX Prime 2015,/images/West15/pin_pnw_gabe.png,250.png
249,Prime 2015 Logo,PAX Prime 2015,/images/West15/pin_prime_2015_logo.png,249.png
248,Daxter,,/images/Other15/pin_daxter.png,248.png
247,Chloe,,/images/Other15/pin_cloe.png,247.png
246,Dark Place Brian,,/images/Other15/pin_dark_place_brian.png,246.png
245,Div 2.0,Core 2.0,/images/Other15/pin_div_2.png,245.png
244,FF 2.0,Core 2.0,/images/Other15/pin_ff_2.png,244.png
243,Tycho 2.0,Core 2.0,/images/Other15/pin_tycho_2.png,243.png
242,Gabe 2.0,Core 2.0,/images/Other15/pin_gabe_2.png,242.png
241,DSB Merch,,/images/Other15/pin_dsb_merch.png,241.png
240,Club PA 2015,,/images/Other15/pin_club_pa_2015.png,240.png
239,Octo Face,The Behemoth Series 4,/images/East15/pin_octo_face.png,239.png
238,Raccoon Monster,The Behemoth Series 4,/images/East15/pin_raccoon_monster.png,238.png
237,Troll,The Behemoth Series 4,/images/East15/pin_troll.png,237.png
236,Sophia Hex,The Behemoth Series 4,/images/East15/pin_sophia_hex.png,236.png
235,Yosef Hex,The Behemoth Series 4,/images/East15/pin_yosef_hex.png,235.png
234,TF2 Spy,TF2,/images/East15/pin_tf2_spy.png,234.png
233,TF2 Pyro,TF2,/images/East15/pin_tf2_pyro.png,233.png
232,TF2 Soldier,TF2,/images/East15/pin_tf2_soldier.png,232.png
231,TF2 Scout,TF2,/images/East15/pin_tf2_scout.png,231.png
230,Chariot,,/images/East15/pin_chariot.png,230.png
229,Star Trek Timelines,,/images/East15/pin_star_trek_timelines.png,229.png
228,Twitch Glitch,,/images/East15/pin_twitch_glitch.png,228.png
227,CW Purdy,,/images/East15/pin_cw_purdy.png,227.png
226,Bastion,,/images/East15/pin_bastion.png,226.png
225,Sarkhan Unbroken,,/images/East15/pin_sarkhan_unbroken.png,225.png
224,Moonrise Nemony,,/images/East15/pin_moonrise_nemony.png,224.png
223,Overwatch Emblem,,/images/East15/pin_overwatch_emblem.png,223.png
222,Gold Overwatch Emblem,,/images/East15/pin_gold_overwatch_emblem.png,222.png
221,Rock Band 4,,/images/East15/pin_rock_band_4.png,221.png
220,East 2015 Polygon,PAX 2015 Show LEs,/images/East15/pin_east_2015_polygon.png,220.png
219,Iced Coffee Kemper,PAX East 2015,/images/East15/pin_iced_coffee_kemper.png,219.png
218,Tourist Tycho,PAX East 2015,/images/East15/pin_tourist_tycho.png,218.png
217,Tourist Gabe,PAX East 2015,/images/East15/pin_tourist_gabe.png,217.png
216,East 2015 Logo,PAX East 2015,/images/East15/pin_east_2015_logo.png,216.png
215,Merch 3.0,,/images/PAX15/pin_merch_3.png,215.png
214,Gabbie,Boss Series 3,/images/PAX15/pin_gabbie.png,214.png
213,Tyche,Boss Series 3,/images/PAX15/pin_tychie.png,213.png
212,Dave Bust,PA Staff Series 3,/images/PAX15/pin_dave_bust.png,212.png
211,Jeff Bust,PA Staff Series 3,/images/PAX15/pin_jeff_bust.png,211.png
210,Josh Bust,PA Staff Series 3,/images/PAX15/pin_josh_bust.png,210.png
209,Kiko Bust,PA Staff Series 3,/images/PAX15/pin_kiko_bust.png,209.png
208,Mike Bust,PA Staff Series 3,/images/PAX15/pin_mike_bust.png,208.png
207,Khoo Bust,PA Staff Series 3,/images/PAX15/pin_khoo_bust.png,207.png
206,Kristin Bust,PA Staff Series 3,/images/PAX15/pin_kristin_bust.png,206.png
205,Jamie Bust,PA Staff Series 3,/images/PAX15/pin_jamie_bust.png,205.png
204,Gavin Bust,PA Staff Series 3,/images/PAX15/pin_gavin_bust.png,204.png
203,Erik Bust,PA Staff Series 3,/images/PAX15/pin_erik_bust.png,203.png
202,Erick Bust,PA Staff Series 3,/images/PAX15/pin_erick_bust.png,202.png
201,Brian Bust,PA Staff Series 3,/images/PAX15/pin_brian_bust.png,201.png
200,Dabe Bust,PA Staff Series 3,/images/PAX15/pin_dabe_bust.png,200.png
199,Clicker,,/images/Other15/pin_clicker.png,199.png
198,Ugin,,/images/South15/pin_ugin.png,198.png
197,Scratch & Kirby Giddyup,,/images/South15/pin_scratch_kirby_giddy_up.png,197.png
196,Iris,,/images/South15/pin_iris.png,196.png
195,Sheriff Spoopifer,,/images/South15/pin_sheriff_spoopifer.png,195.png
194,Baron Blade,,/images/South15/pin_baron_blade.png,194.png
193,DD2 Cannon Tower,,/images/South15/pin_dd2_cannon_tower.png,193.png
192,State of Decay Y1,,/images/South15/pin_state_of_decay_y1.png,192.png
191,Moonrise Emberjaw,,/images/South15/pin_moonrise_emberclaw.png,191.png
190,South 2015 Polygon,PAX 2015 Show LEs,/images/South15/pin_south_polygon_2015.png,190.png
189,Kemper Crockett,PAX South 2015,/images/South15/pin_kemper_crockett.png,189.png
188,Badge Tycho,PAX South 2015,/images/South15/pin_badge_tycho.png,188.png
187,Hotstepper Gabe,PAX South 2015,/images/South15/pin_hotstepper_gabe.png,187.png
186,South 2015 Inaugural Logo,PAX South 2015,/images/South15/pin_south_2015_inaugural_logo.png,186.png
185,New Year 2015,,/images/Other15/pin_new_year_2015.png,185.png
184,Sexy Nurse Gabe,Halloween 2014,/images/Other14/pin_sexy_nurse_gabe.png,184.png
183,Mad Scientist Tycho,Halloween 2014,/images/Other14/pin_mad_scientist_tycho.png,183.png
182,Bride of Frankenstein Anne,Halloween 2014,/images/Other14/pin_bride_of_frankenstein_anne.png,182.png
181,Deep Crow,Halloween 2014,/images/Other14/pin_deep_crow.png,181.png
180,Tycho Scrooge,Christmas 2014,/images/Other14/pin_tycho_scrooge.png,180.png
179,Gabe Marley,Christmas 2014,/images/Other14/pin_gabe_marley.png,179.png
178,Tiny Div,Christmas 2014,/images/Other14/pin_tiny_div.png,178.png
177,Kemper Ghost,Christmas 2014,/images/Other14/pin_kemper_ghost.png,177.png
176,Tin Man Games,,/images/Aus14/pin_tin_man_games.png,176.png
175,Atoi,,/images/Aus14/pin_atoi.png,175.png
174,Sarkhan,,/images/Aus14/pin_sarkhan.png,174.png
173,PAX Aus 10th Year,PAX 2014 Show LEs,/images/Aus14/pin_pax_aus_10th_year.png,173.png
172,Kemperoo,PAX Aus 2014,/images/Aus14/pin_kemperoo.png,172.png
171,Emu,PAX Aus 2014,/images/Aus14/pin_emu.png,171.png
170,Dropbear,PAX Aus 2014,/images/Aus14/pin_dropbear.png,170.png
169,Aus 2014 Logo,PAX Aus 2014,/images/Aus14/pin_aus_2014_logo.png,169.png
168,Carl,,/images/Other14/pin_carl.png,168.png
167,Naughty Dog 30 Years,,/images/Other14/pin_naughty_dog_30_years.png,167.png
166,Cthulhu Dice,,/images/West14/pin_cthulhu_dice.png,166.png
165,Finn,Adventure Time,/images/West14/pin_finn.png,165.png
164,Jake,Adventure Time,/images/West14/pin_jake.png,164.png
163,Beemo,Adventure Time,/images/West14/pin_beemo.png,163.png
162,Floop the Pig,Adventure Time,/images/West14/pin_floop_the_pig.png,162.png
161,Catbug,,/images/West14/pin_catbug.png,161.png
160,Honey Hug,The Behemoth Series 3,/images/West14/pin_honey_hug.png,160.png
159,Cup Cake,The Behemoth Series 3,/images/West14/pin_cup_cake.png,159.png
158,Wilson,,/images/West14/pin_wilson.png,158.png
157,Age of Empires,,/images/West14/pin_age_of_empires.png,157.png
156,Tiamat,,/images/West14/pin_tiamat.png,156.png
155,Corrupted Garruk,,/images/West14/pin_corrupted_garruk.png,155.png
154,Creepy Doll,,/images/West14/pin_creep_doll.png,154.png
153,Triple Town Bear,,/images/West14/pin_triple_town_bear.png,153.png
152,CW Cats,,/images/West14/pin_cw_cats.png,152.png
151,Panda Espresso,,/images/West14/pin_panda_espresso.png,151.png
150,Sunset Overdrive,,/images/West14/pin_sunset_overdrive.png,150.png
149,ETC,,/images/West14/pin_etc.png,149.png
148,Iron Horde,,/images/West14/pin_iron_horde.png,148.png
147,The Order: 1886,,/images/West14/pin_the_order_1886.png,147.png
146,Red,,/images/West14/pin_red.png,146.png
145,The Next Level,,/images/West14/pin_the_next_level.png,145.png
144,Talent Pipes,,/images/West14/pin_talent_pipes.png,144.png
143,Moonrise,,/images/West14/pin_moonrise.png,143.png
142,PAX Prime 10th Year,PAX 2014 Show LEs,/images/West14/pin_pax_prime_10th_year.png,142.png
141,Coffee Kemper,PAX Prime 2014,/images/West14/pin_coffee_kemper.png,141.png
140,80s Tycho,PAX Prime 2014,/images/West14/pin_80s_tycho.png,140.png
139,80s Gabe,PAX Prime 2014,/images/West14/pin_80s_gabe.png,139.png
138,Prime 2014 Logo,PAX Prime 2014,/images/West14/pin_prime_2014_logo.png,138.png
137,Shadow Jago,,/images/Other14/pin_shadow_jago.png,137.png
136,Fulgore,,/images/Other14/pin_fulgore.png,136.png
135,Gabe Sketch Front,SDCC 2014 Sketch,/images/Other14/pin_gabe_sketch_front.png,135.png
134,Gabe Sketch Profile,SDCC 2014 Sketch,/images/Other14/pin_gabe_sketch_profile.png,134.png
133,Tycho Sketch Front,SDCC 2014 Sketch,/images/Other14/pin_tycho_sketch_front.png,133.png
132,Tycho Sketch Profile,SDCC 2014 Sketch,/images/Other14/pin_tycho_sketch_profile.png,132.png
131,Spinal Shield,,/images/Other14/pin_spinal_shield.png,131.png
130,Spinal,,/images/Other14/pin_spinal.png,130.png
129,Club PA 2014,,/images/Other14/pin_club_pa_2014.png,129.png
128,Orchid,,/images/Other14/pin_orchid.png,128.png
127,Firecat,,/images/Other14/pin_firecat.png,127.png
126,Sadira,,/images/Other14/pin_sadira.png,126.png
125,Alien Hominid,The Behemoth Series 2,/images/East14/pin_alien_hominid.png,125.png
124,Chicken Logo,The Behemoth Series 2,/images/East14/pin_chicken_logo.png,124.png
123,Golden Whale,The Behemoth Series 2,/images/East14/pin_golden_whale.png,123.png
122,Pink Knight,The Behemoth Series 2,/images/East14/pin_pink_knight.png,122.png
121,Anubis,,/images/East14/pin_anubis.png,121.png
120,Project Spark,,/images/East14/pin_project_spark.png,120.png
119,D&D,,/images/East14/pin_d_d.png,119.png
118,Uncorrupted Garruk,,/images/East14/pin_uncorrupted_garruk.png,118.png
117,Leeroy Jenkins,,/images/East14/pin_leeroy_jenkins.png,117.png
116,Hearthstone Cards,,/images/East14/pin_hearthstone_cards.png,116.png
115,Bard Rock,,/images/East14/pin_bard_rock.png,115.png
114,Zane & Mercy,,/images/East14/pin_zane_mercy.png,114.png
113,MC Frontalot,,/images/East14/pin_mc_frontalot.png,113.png
112,CW Campers,,/images/East14/pin_cw_campers.png,112.png
111,Ellie,,/images/East14/pin_ellie.png,111.png
110,Iota,,/images/East14/pin_iota.png,110.png
109,KI Fightstick,,/images/East14/pin_ki_fightstick.png,109.png
108,PAX East 10th Year,PAX 2014 Show LEs,/images/East14/pin_pax_east_10th_year.png,108.png
107,Colonial Kemper,PAX East 2014,/images/East14/pin_colonial_kemper.png,107.png
106,Iron Guard Stance,PAX East 2014,/images/East14/pin_iron_guard_stance.png,106.png
105,Hot Dog Fairy,PAX East 2014,/images/East14/pin_hot_dog_fairy.png,105.png
104,East 2014 Logo,PAX East 2014,/images/East14/pin_east_2014_logo.png,104.png
103,Merch 2.0,,/images/PAX14/pin_merch_2.png,103.png
102,Broodax Gabe,Boss Series 2,/images/PAX14/pin_broodax_gabe.png,102.png
101,Helmet Tycho,Boss Series 2,/images/PAX14/pin_helmet_tycho.png,101.png
100,Hobby Kiko,PA Staff Series 2,/images/PAX14/pin_hobby_kiko.png,100.png
99,Hobby Gavin,PA Staff Series 2,/images/PAX14/pin_hobby_gavin.png,99.png
98,Hobby Levin,PA Staff Series 2,/images/PAX14/pin_hobby_levin.png,98.png
97,Hobby Jamie,PA Staff Series 2,/images/PAX14/pin_hobby_jamie.png,97.png
96,Hobby Jeff,PA Staff Series 2,/images/PAX14/pin_hobby_jeff.png,96.png
95,Hobby Brian,PA Staff Series 2,/images/PAX14/pin_hobby_brian.png,95.png
94,Hobby Dave,PA Staff Series 2,/images/PAX14/pin_hobby_dave.png,94.png
93,Hobby Josh,PA Staff Series 2,/images/PAX14/pin_hobby_josh.png,93.png
92,Hobby Khoo,PA Staff Series 2,/images/PAX14/pin_hobby_khoo.png,92.png
91,Hobby Kristin,PA Staff Series 2,/images/PAX14/pin_hobby_kristin.png,91.png
90,Hobby Mike,PA Staff Series 2,/images/PAX14/pin_hobby_mike.png,90.png
89,Hobby Kenneth,PA Staff Series 2,/images/PAX14/pin_hobby_kenneth.png,89.png
88,Hobby Dabe,PA Staff Series 2,/images/PAX14/pin_hobby_dabe.png,88.png
87,Thunder,,/images/Other14/pin_thunder.png,87.png
86,UltraTech Logo,,/images/Other14/pin_ultratech_logo.png,86.png
85,Glacius,,/images/Other14/pin_glacius.png,85.png
84,Supreme Victory,,/images/Other14/pin_supreme_victory.png,84.png
83,Combo Breaker,,/images/Other14/pin_combo_breaker.png,83.png
82,Sabrewulf,,/images/Other14/pin_sabrewulf.png,82.png
81,Valentine's Day,,/images/Other14/pin_valentines_day.png,81.png
80,Acquisitions Inc Logo,Acquisitions Inc.,/images/Other13/pin_acquisitions_inc_logo.png,80.png
79,Omin Dran,Acquisitions Inc.,/images/Other13/pin_omin_dran.png,79.png
78,Jim Darkmagic,Acquisitions Inc.,/images/Other13/pin_jim_darkmagic.png,78.png
77,Binwin Bronzebottom,Acquisitions Inc.,/images/Other13/pin_binwin_bronzebottom.png,77.png
76,Santa Gabe,Christmas 2013,/images/Other13/pin_santa_gabe.png,76.png
75,Elf Tycho,Christmas 2013,/images/Other13/pin_elf_tycho.png,75.png
74,Wrapped Div,Christmas 2013,/images/Other13/pin_wrapped_div.png,74.png
73,Stocking Kemper,Christmas 2013,/images/Other13/pin_stocking_kemper.png,73.png
72,15th Anniversary,,/images/Other13/pin_15th_anniversary.png,72.png
71,Mummy Gabe,Halloween 2013,/images/Other13/pin_mummy_gabe.png,71.png
70,Vampire Tycho,Halloween 2013,/images/Other13/pin_vampire_tycho.png,70.png
69,Pumpkin FF,Halloween 2013,/images/Other13/pin_pumpkin_ff.png,69.png
68,Witch Annarchy,Halloween 2013,/images/Other13/pin_witch_annarchy.png,68.png
67,KI Logo,,/images/Other13/pin_ki_logo.png,67.png
66,Jago,,/images/Other13/pin_jago.png,66.png
65,Hanna,,/images/Other13/pin_hanna.png,65.png
64,Lookouts Crest,Lookouts,/images/Other13/pin_lookouts_crest.png,64.png
63,Lookouts Leader,Lookouts,/images/Other13/pin_lookouts_leader.png,63.png
62,Lookouts 01,Lookouts,/images/Other13/pin_lookouts_01.png,62.png
61,Lookouts 02,Lookouts,/images/Other13/pin_lookouts_02.png,61.png
60,Lookouts 03,Lookouts,/images/Other13/pin_lookouts_03.png,60.png
59,Lookouts 04,Lookouts,/images/Other13/pin_lookouts_04.png,59.png
58,Elspeth,,/images/West13/pin_elspeth.png,58.png
57,Rayman,,/images/West13/pin_rayman.png,57.png
56,Second Son,,/images/West13/pin_second_son.png,56.png
55,Draken,,/images/West13/pin_draken.png,55.png
54,Granok,,/images/West13/pin_granok.png,54.png
53,Juggernaut,,/images/West13/pin_juggernaut.png,53.png
52,Jin,,/images/West13/pin_jin.png,52.png
51,Strip Search,,/images/West13/pin_strip_search.png,51.png
50,Chainsaw Suit,,/images/West13/pin_chainsaw_suit.png,50.png
49,Skull Fart,,/images/West13/pin_skull_fart.png,49.png
48,Professor Pigglesworth,,/images/West13/pin_professor_pigglesworth.png,48.png
47,Bloody Bear,The Behemoth Series 1,/images/West13/pin_bloody_bear.png,47.png
46,Viking,The Behemoth Series 1,/images/West13/pin_viking.png,46.png
45,Hatty Hattington,The Behemoth Series 1,/images/West13/pin_hatty_hattington.png,45.png
44,Star,The Behemoth Series 1,/images/West13/pin_star.png,44.png
43,Cat Guard,The Behemoth Series 1,/images/West13/pin_cat_guard.png,43.png
42,Davey Crockett,The Behemoth Series 1,/images/West13/pin_davey_crockett.png,42.png
41,Giraffey,The Behemoth Series 1,/images/West13/pin_giraffey.png,41.png
40,Cardinal,The Behemoth Series 1,/images/West13/pin_cardinal.png,40.png
39,Kitty Kemper,PAX Prime 2013,/images/West13/pin_kittykemper.png,39.png
38,Tycho Tot,PAX Prime 2013,/images/West13/pin_tycho_tot.png,38.png
37,Baby Gabe,PAX Prime 2013,/images/West13/pin_baby_gabe.png,37.png
36,Prime 2013 Logo,PAX Prime 2013,/images/West13/pin_prime_2013_logo.png,36.png
35,Kristin Lindsay,PA Staff Series 1,/images/PAX13/pin_kristin_lindsay.png,35.png
34,Ben Kuchera,PA Staff Series 1,/images/PAX13/pin_ben_kuchera.png,34.png
33,Jamie Dillion,PA Staff Series 1,/images/PAX13/pin_jamie_dillion.png,33.png
32,Gavin Greco,PA Staff Series 1,/images/PAX13/pin_gavin_greco.png,32.png
31,Mike Fehlauer,PA Staff Series 1,/images/PAX13/pin_mike_fehlauer.png,31.png
30,Josh Price,PA Staff Series 1,/images/PAX13/pin_josh_price.png,30.png
29,Kiko Villasenor,PA Staff Series 1,/images/PAX13/pin_kiko_villasenor.png,29.png
28,Jeff Kalles,PA Staff Series 1,/images/PAX13/pin_jeff_kalles.png,28.png
27,Levin Sadsad,PA Staff Series 1,/images/PAX13/pin_levin_sadsad.png,27.png
26,Brian Sunter,PA Staff Series 1,/images/PAX13/pin_brian_sunter.png,26.png
25,Dave Coffman,PA Staff Series 1,/images/PAX13/pin_dave_coffman.png,25.png
24,Robert Khoo,PA Staff Series 1,/images/PAX13/pin_robert_khoo.png,24.png
23,Catsby,Twisp & Catsby,/images/Other13/pin_catsby.png,23.png
22,Twisp,Twisp & Catsby,/images/Other13/pin_twisp.png,22.png
21,Moon,Twisp & Catsby,/images/Other13/pin_moon.png,21.png
20,Balloon Man,Twisp & Catsby,/images/Other13/pin_balloon_man.png,20.png
19,Aus Chandra,,/images/Aus13/pin_aus_chandra.png,19.png
18,Upside Down Kemper,PAX Aus 13,/images/Aus13/pin_upside_down_kemper.png,18.png
17,Upside Down Tycho,PAX Aus 13,/images/Aus13/pin_upside_down_tycho.png,17.png
16,Upside Down Gabe,PAX Aus 13,/images/Aus13/pin_upside_down_gabe.png,16.png
15,Aus 2013 Inaugural Logo,PAX Aus 13,/images/Aus13/pin_aus_2013_inaugural_logo.png,15.png
14,DLC Kickstarter,,/images/Other13/pin_dlc_kickstarter.png,14.png
13,Chandra,,/images/East13/pin_chandra.png,13.png
12,PAX Kemper,PAX East 13,/images/East13/pin_pax_kemper.png,12.png
11,Table Top Tycho,PAX East 13,/images/East13/pin_table_top_tycho.png,11.png
10,Handheld Lounge Gabe,PAX East 13,/images/East13/pin_handheld_lounge_gabe.png,10.png
9,East 2013 Logo,PAX East 13,/images/East13/pin_east_2013_logo.png,9.png
8,Zombie Tycho,Boss Series 1,/images/PAX13/pin_zombie_tycho.png,8.png
7,CTS,Boss Series 1,/images/PAX13/pin_cts.png,7.png
6,Pinny Arcade Logo,,/images/PAX13/pin_pinny_arcade_logo.png,6.png
5,Flesh Reaper,Core,/images/Other13/pin_flesh_reaper.png,5.png
4,FF,Core,/images/Other13/pin_ff.png,4.png
3,Gabe,Core,/images/Other13/pin_gabe.png,3.png
2,Tycho,Core,/images/Other13/pin_tycho.png,2.png
1,Merch,,/images/PAX13/pin_merch.png,1.png
